rank,address,display_name,account_value,vlm_week,vlm_month,pnl_month,activity_score
1,0x85ecf584f25db6f146718b86d493e33c5af72052,,62241485.62315998,7752151289.31,40055605587.49002,-993299.200528001,47807756876.80002
2,0xf5d81a135f756ca16544e53c20fc20643ec3ad53,,70388324.53326699,5785844531.1900015,25210736748.630005,-4143429.060236,30996581279.820007
3,0x399965e15d4e61ec3529cc98b7f7ebb93b733336,,25364581.482710004,4913729552.410001,22472846287.04,1571847.2295960004,27386575839.45
4,0x8c625ff57d8a4374784c7eff585dfdc42ccec974,,5302476.794731,4242714839.51,21599573667.640003,694877.1607640001,25842288507.15
5,0x87f9cd15f5050a9283b8896300f7c8cf69ece2cf,,115750663.62951899,3663456011.9600005,19933432079.47,-7300018.358816997,23596888091.43
6,0x7839e2f2c375dd2935193f2736167514efff9916,,9227723.531715998,3771409224.2100005,19409700531.04,900087.941944,23181109755.25
7,0xecb63caa47c7c4e77f60f1ce858cf28dc2b82b00,,122056856.815223,2566314030.24,13793017401.22,-3415802.61876,16359331431.46
8,0xff4cd3826ecee12acd4329aada4a2d3419fc463c,,45047214.533805996,2315117840.459999,11666134586.1,-582724.7547150002,13981252426.56
9,0xdf9ea6ec3b7109935ccb4fb267e15ac1fb077ab1,,4812014.066573,1665425650.1900003,8994662470.419998,123975.808047,10660088120.609999
10,0x7b7f72a28fe109fa703eeed7984f2a8a68fedee2,beatmaker1@proton.me,7013018.724497001,1294739780.78,6320629094.9,199314.306007,7615368875.679999
11,0xe357fa9fecb084f0303ff341b0bc55c89f2bb5ce,,9110883.229515,1207955262.1599998,5945070826.309999,-321116.170688,7153026088.469999
12,0xfc667adba8d4837586078f4fdcdc29804337ca06,,111790400.555864,1398092846.74,5374125608.88,-236717.318993,6772218455.62
13,0xc926ddba8b7617dbc65712f20cf8e1b58b8598d3,,24456606.356535,982321014.61,5302100234.929999,2700713.983369,6284421249.539999
14,0x57dd78cd36e76e2011e8f6dc25cabbaba994494b,,25952198.135755002,714991880.53,4656042971.9,3365140.8827910004,5371034852.429999
15,0xf84d8d3863043d578b17c1f76dded6655d1f05fc,,1224770.91161,830403487.9399999,3967447135.52,52455.702986,4797850623.46
16,0xeeb56331b6a250fe2dbc123f08bdb87aa9840464,,11840435.876813,659318535.61,3346565900.3300004,465057.826028,4005884435.9400005
17,0x4e23288cee4960f9f962195c22948e4bc7ae20c3,,24854694.720528,939381441.14,3053233811.97,-6004624.257606,3992615253.1099997
18,0xccf3fff396a14d55d93366f870c007425e9f2a75,,9411.366021,73757081.12,3827406935.49,-3243714.371334,3901164016.6099997
19,0x020ca66c30bec2c4fe3861a94e4db4a498a35872,MachiBigBrother,6464987.623412,517865268.15,2790995290.48,-2836331.607551,3308860558.63
20,0x023a3d058020fb76cca98f01b3c48c8938a22355,Auros,26382567.490094,509994579.89,2714408559.0099998,-4457924.149326,3224403138.8999996
21,0xfc27136e42af1732ddc9ce2605ea9bff1b959d9d,,28311142.478752,485465305.41,2737176297.09,-4785862.84224,3222641602.5
22,0xe4c6ae25959d7fc66cf2dd5965fb78c5e09c4048,,991131.929048,565565297.1099999,2570250557.1800003,50730.952087,3135815854.29
23,0x7fdafde5cfb5465924316eced2d3715494c517d1,BobbyBigSize,58805576.30980099,526786600.83000004,2536554878.13,-3750658.72118,3063341478.96
24,0xd1581ae3dc981bfb70cceace6647a1c35df09dab,Smimen,67428.983822,121940837.53,2903402948.13,-1921588.396178,3025343785.6600003
25,0xad8be12a452b5b8f9ad9883f6e8e67536627db4b,,366957.941671,473146672.91999996,2490227032.91,22465.693703,2963373705.83
26,0x7717a7a245d9f950e586822b8c9b46863ed7bd7e,,12447580.179365,463567603.05,2373124818.45,1650647.672087,2836692421.5
27,0x862dd8e68f30693e3d3c9daa42a440bc6d2a1f0c,,5675632.633694999,413557434.03,2251787836.45,210829.312031,2665345270.4799995
28,0x3bcae23e8c380dab4732e9a159c0456f12d866f3,,7623730.015552,312727940.13,2287524980.43,212655.535734,2600252920.56
29,0x31dea2516beee92135b96f464eeec3cf292a13f2,,14229747.239716,367800824.05,2076832363.61,-785.35334,2444633187.66
30,0xbc76170c8a15b34941ba9e00567d7e0f11ba417c,,535785.039443,338202474.69,1939297343.57,-79978.590153,2277499818.2599998
31,0xec4a6f59960fb55a7fa49262e2628687b322cf62,,10110660.502035,266190095.75,1929320172.1,2403321.8059,2195510267.85
32,0x469e9a7f624b04c24f0e64edf8d8a277e6bf58a5,,14058510.000827,241359782.57,1925313595.79,4841909.493253,2166673378.36
33,0x856c35038594767646266bc7fd68dc26480e910d,,82277556.72387101,323139541.48,1804703327.7299998,3073741.630131,2127842869.2099998
34,0xb1ec7febea4f841d525785955b7fe0e812d6e86a,,8736000.636398,311374394.6,1661152548.29,1933440.304109,1972526942.8899999
35,0x1c1c270b573d55b68b3d14722b5d5d401511bed0,Greg,1724760.3392589996,318205077.46,1597471020.08,-126754.288231,1915676097.54
36,0xbeccae9ffcb69e9d42a1d4e744abf8056149562d,,1188506.654291,328883476.43,1558374965.8,354177.083796,1887258442.23
37,0x5986347c1d0133d02d307f08bb1efd44c2eb89d9,,3082464.951942,527732355.79,1353836032.57,-1557405.861888,1881568388.36
38,0x61ceef212ff4a86933c69fb6aca2fe35d8f2a62b,,7300644.828056,708730121.12,1007123125.91,127711.525072,1715853247.03
39,0xf58b673c1633ccef0ac58263cdc95ed80f817fc7,,4074052.2448129994,326897839.66999996,1360868150.1500003,-685602.918766,1687765989.8200002
40,0x6355f7cf36b24044cd5b089a845113327d0ee58e,,12466661.222744998,259009100.79000002,1353728319.85,1180106.6009399998,1612737420.6399999
41,0x6ba889db7f923622d3548f621ecc2054b80c1817,,9704941.391545001,274913029.98,1327511446.64,431120.898397,1602424476.6200001
42,0x49e96e255ba418d08e66c35b588e2f2f3766e1d0,2 freres 2 fauves,20810622.846008003,274581499.12,1299530252.62,-2996344.8805830004,1574111751.7399998
43,0x396dc3e4d1051837bb559810d2b1ea7977775899,,40962.077762,73776436.99,1426315784.23,-2425508.931796,1500092221.22
44,0x95ccaf0846757c74b33b146db85e757249b99c8a,,63429.251171,298349640.05,1193698145.49,-895028.109618,1492047785.54
45,0x04dbde5c9d1e6a3239c8ff8ee3fca386a4a3c605,,718565.592133,244046245.19,1208813702.58,98291.51778,1452859947.77
46,0x936cf4fb95c30ce83f658b5bbb247e4bb381bb0f,,34417911.736246,257940159.24,1039964517.1,2270998.129336,1297904676.3400002
47,0xdcac85ecae7148886029c20e661d848a4de99ce2,,15187469.911091998,215806517.52999997,1079791965.8299997,-502728.2200100001,1295598483.3599997
48,0x01d734e9e7847248864c2c7bbab16c4d5e04a990,,6391963.492133999,341025821.25,953554926.5799999,-2831.889338,1294580747.83
49,0x68bd85dc5c94a5511e959d299617eb19cd26c298,,2746060.391562,209865430.42,1007161887.97,100120.474998,1217027318.39
50,0xe77cdee1aa1affa10231654fe438b63ab0ab15db,,1056494.154796,257667565.53,943291609.11,246279.704796,1200959174.64
51,0xcd98da856b021a6efcc7d766118531ad64aec433,,32074.406136,426707098.9,753516880.96,-3680172.679055,1180223979.8600001
52,0x152e41f0b83e6cad4b5dc730c1d6279b7d67c9dc,,13590990.999398,356522226.73,789131188.65,-8548831.394827,1145653415.38
53,0xb07856ebcb6b37967eaf7c4b4e64dcce28c6de15,,6625182.652617,207502493.37,874074445.52,-542702.791567,1081576938.8899999
54,0x0871deb34bfd2052b1c10dc4f6c0912a2a47e927,PURRINA Pro Plan,9722457.392156,105256125.06,918936275.88,1378053.860129,1024192400.94
55,0x50b309f78e774a756a2230e1769729094cac9f20,,917848.034735,421357046.12,601995033.1,-331120.00782,1023352079.22
56,0xe86b057f5eb764c9738d6b0d38170befd0723664,,7226070.174038,162417331.95000002,859067301.51,-751576.286159,1021484633.46
57,0x1ee7a73cb5b0b6b056d8138085b2009e6a6bedf5,,360723.613926,108410690.38,911238028.12,-1411971.745602,1019648718.5
58,0xf382f419448b471da26225c4f849bb240be5578c,,2300599.104293,152262180.95999998,858837449.1600001,930923.658304,1011099630.1200001
59,0x9e2cbb5d800181c1ef21b25010dc4ea80eeb5508,,6693384.686132,42269755.44,954770600.18,922034.119935,997040355.6199999
60,0xb67c4c91728e6865b216e11d54b50c75bbd3fd5f,,327428.034511,244115548.08,708504024.6,276271.044555,952619572.6800001
61,0xf27ebb91ea420f73b59b205ac7e0b77a90ec8f3c,ptas2,2580464.431147,172407518.24,754628750.55,69363.326639,927036268.79
62,0x5c9b84105d63f0c8ed35fd62f66d9b8c6800ce01,,2903955.888349,346448757.56,579086452.5,1455.070659,925535210.06
63,0x6db7204f8783dfddf80b957ba5e40e24251e304d,,185327.278918,207438607.2,713342219.72,176618.193235,920780826.9200001
64,0x24fb6523036ebcb3cc51deff138066dccf6bed0f,,2136134.261142,146008588.77,733305348.93,261853.595312,879313937.6999999
65,0x40f20b734d7d25ba0b6219e921382fa992a56a9e,,812806.348436,102749024.31,767290240.13,-2343001.147874,870039264.44
66,0xc3ed57a7a8fa374af47eba5dd713bc2946f800dd,,519158.167078,87571274.44,778180885.87,-2358920.851147,865752160.31
67,0xd4c1f7e8d876c4749228d515473d36f919583d1d,,7648863.00389,109706248.91,754469177.5400001,-1105969.6428380003,864175426.45
68,0xbf732ea04197942783e34730ed6e0f6099575d58,,8224466.677022,96802650.4,759887908.67,9778627.00177,856690559.0699999
69,0xfe35dfb17f226a61d1f8f318990e6d27944d6002,,34175.033253,83995827.35,742195126.97,-641390.139815,826190954.32
70,0xedcdcaa1f18350c50c10bef860e64daa9785d05a,,29533772.277266,55116284.62,735498264.13,299980.466691,790614548.75
71,0x024294c53a69c1e6b39810b3fac87385752fffa1,,12091141.225476,136734343.5,651828442.02,-668401.534836,788562785.52
72,0xae6446c95cc4e455e9cf56f28757ab728d88e81e,,12805451.427430999,125140095.58999996,652460848.2800001,-1501360.4973960002,777600943.87
73,0xb83de012dba672c76a7dbbbf3e459cb59d7d6e36,,259690083.023784,145737596.29,625016081.59,-3342683.008377,770753677.88
74,0xb48e45c76e7442d9944790085399e26b7d89b1ed,,192223.673389,49518426.99,715418552.82,-95160.103819,764936979.8100001
75,0x577a00a0ee907ee481791049477a3c1fa1470568,,2288811.373384,209281767.35,545072340.12,-236225.748819,754354107.47
76,0xac1b1cc2fee62d8dc215821a7afc1d8594ff2f92,,275666.979517,54599568.56,667200451.77,-821623.456834,721800020.3299999
77,0x2b1e0bcefada121c5bc484a546e3ca0e2a8bee5b,,0.000978,0.0,718897326.38,-373023.124271,718897326.38
78,0x31ca8395cf837de08b24da3f660e77761dfb974b,,3020099.789121,123372786.83,591525729.12,-266313.108279,714898515.95
79,0x90dbb196cacf24bd212b377a0dd62eaad5e8151b,,7660339.039992,266754951.07,444099608.29,-2932490.025884,710854559.36
80,0xfe0589b070c1095b75dc5891d7408cc3cf3b3e8a,,948196.4767850002,120014855.74,582206569.9100001,41168.107938,702221425.6500001
81,0x9e8b1e51c642f4c8b87c6ba11c53d516a218afc4,,9118806.311646,91650049.91,599123990.81,-362820.258051,690774040.7199999
82,0xedeaa967b0100a4df613533df634ffe6cb5fd773,,1998913.615295,141416343.11,545201352.38,1466623.909928,686617695.49
83,0x0c4a3a7ac74d43732f9b5ea507f01ab72a381b19,,3608528.143922,87831590.24,590084593.66,-163875.888665,677916183.9
84,0x2d23b731e5f04996a2dfdbe434c7d922afdb5e00,thank you JEFF,756978.8888269999,122408122.21,545009271.33,-1887683.075985,667417393.5400001
85,0x341892ca9af16ff90c91bb4a119655dfffb0e5d3,,339909.577588,112595771.81,552672940.29,-418195.33958,665268712.0999999
86,0xc786b3302e681745813f8011e816336bb5baeb75,,641542.953676,121089361.15,540109877.93,70693.93466,661199239.0799999
87,0x010461c14e146ac35fe42271bdc1134ee31c703a,,3169410.100576,112275124.9,539004818.22,38092.269313,651279943.12
88,0x62f82c3ef1da6093118fadb29090c4e3263f02e6,,9141.822275,71589851.51,571021531.93,-2497742.190723,642611383.4399999
89,0xb5a6924d1da4e54705079b9957f6dedee5e62f82,,347568.498674,176712711.3,458829578.42,372808.53,635542289.72
90,0xbcd420d13362532756c968f663f96ba95e240dd2,,3279576.7587,49781651.9,568382032.27,-3990284.729452,618163684.17
91,0x7019197d2b2ae7b44eee12a76015eb1fe94abd36,,1791176.3403089999,294012006.52,324105584.92,110496.781603,618117591.44
92,0x0f7e127a8f5f54d056ac7056b576687f6e2fc4bb,plz donate,180534.320383,214562618.98,402597946.68,-92624.838427,617160565.66
93,0x0b8aa35c28b7c6ab18f11dc168f437a8a69fd4f8,,46136064.845881,90107751.82000002,526916385.59000003,-12181936.989070999,617024137.4100001
94,0x92ea19eceb7a8de0f50978a1583a5d8b018050e9,,93652.755183,0.0,595144210.98,-1529006.618055,595144210.98
95,0xc179e03922afe8fa9533d3f896338b9fb87ce0c8,,10719869.420221,148202263.6,434433007.17,-2019338.71892,582635270.77
96,0x7f1950ce02f9f60634ba39b81844911a6c2f05bf,,3884061.557037,124284401.8,443434784.48999995,259533.219283,567719186.29
97,0xd7b8209d95d4c05faaa505671211058d51529f55,,2077124.982066,66804646.47,500696719.72,740231.682157,567501366.19
98,0xaa57ef244c09de1a28437f3e05f208e87c938566,Lucky1,496399.354397,74706397.39,487387244.65999997,-142129.250231,562093642.05
99,0x8def9f50456c6c4e37fa5d3d57f108ed23992dae,,50172607.878749005,101313576.29,446062757.71,7504211.561187999,547376334.0
100,0x09f15dacf13c0fcb64594452506b52393fb13c39,,92884.706635,53109247.55,492775753.52,19259.074125,545885001.0699999
101,0x3f240a16bb7c34302cab342227207acc3d9e0d4d,,570607.35442,180040237.15,356850834.9,90384.002902,536891072.05
102,0xf17de447fdfa1778db06111e3cbdc878332adab2,,4689479.195466,88422604.27,445369025.78,-1371676.319806,533791630.04999995
103,0xaeaab54bbf65bfd6efed7d2eb68372298e3c2416,,1547723.665619,35354904.27,497307239.43,2580652.454493,532662143.7
104,0x66f889094739dbb7d20aa60f645acd88feba75a9,,1134822.939067,45358900.95,484493769.16,-411235.584351,529852670.11
105,0x27c9fa86c91b84ddfa15de58c482ff662498d65d,,1515151.786799,79638554.98,447489707.64,-612598.712921,527128262.62
106,0x885327357a8d005c9dfb670583899df6e21f8249,,1440358.558489,7047549.96,511700587.3,436552.155654,518748137.26
107,0x90cc9850f850bb51a2cc6054a8a57246c02b40ed,,108226.429916,97955228.61,418941930.14,53327.245828,516897158.75
108,0x3aff22eb363cfe2b642a0cd377f7ee26ad8ec06d,AAA,224530.94812,17467015.09,494081875.64,-221501.4,511548890.72999996
109,0x8f8b4759dc93ca55bd6997df719f20f581f10f5c,,401951.049132,71052936.23,438808656.13,-138635.763736,509861592.36
110,0x914bd8f2b309b27a13773c4071def1afd741df6a,,9.850229,253576405.13,255904344.62,-1175176.71,509480749.75
111,0x7a51ce9751493a2448c3ebc76667c6e7cf27900d,,2582781.476409,188172959.88,320138514.73,-653230.156859,508311474.61
112,0xf129e9c78fcdbf02051f87ea0333c121825a1125,,5031040.374381,65738530.56,437974974.82,1160092.966652,503713505.38
113,0x5b5d51203a0f9079f8aeb098a6523a13f298c060,,274158904.011039,29555602.21,455601463.52,-14150419.03305,485157065.72999996
114,0x53d46373a2431cb7d79da4dfa4a2739cc53dd6d8,,47488.436992,82131384.64,402414961.65,-47162.255406,484546346.28999996
115,0xd0f9337179d095d744be87b33d569e5c1aa8ce0b,,805778.1816390001,55950433.6,427085854.95,184861.914629,483036288.55
116,0x06bc596fb16734f7abc3a5996b580be932c2fb72,,32326.05875,40069403.38,433347483.57,-3036835.85309,473416886.95
117,0x3f5fdb2410cba492b7c3828c811c6662b2894d0b,,171355.367886,142703598.32,322728819.47,68654.241311,465432417.79
118,0x8ab13dbc3d2ab5ea4c4b37f40696254a730015ef,,2513647.119168,83197324.39,372182045.86,658783.887043,455379370.25
119,0x6752fd3edb8a9adf4db1eed002f7134cf7ae7a2f,,593228.118426,110889799.66,342783649.77,-475795.033701,453673449.42999995
120,0x76fe28b803eeba445c34afc2f914e6bcb71112fd,,94906.705487,19245012.79,432097604.08,-1093232.553326,451342616.87
121,0xe55b5e5e38f73c30aa367d310d6247f3f9a5e86e,,1029451.765337,114945683.95,330966158.64,-85576.791451,445911842.59
122,0xaa697417c812eb9d2a7bc77cbf647cc045d692c7,,260692.625081,80623720.84,362513639.04,-498151.473737,443137359.88
123,0x7ca519838f6d8dbbd8488b63f5f2cc461b89028c,,213717.512435,47649127.03,392140136.73,-1062801.045306,439789263.76
124,0x4fbf2adf83c471ccb1566e4a6d7002ebf3446b67,,422574.658492,107425302.97,329414352.04,-149989.078469,436839655.01
125,0x9546b9d4103be41ce13483a8f299d0df0eeb181c,,9186.777654,44827885.38,387420330.09,-2051113.401802,432248215.46999997
126,0xfe7ce058edc7cfcde9ef8262ba51f8d4796ab7ae,,31907778.136567,63100838.96,366088681.93,-14425880.919946,429189520.89
127,0x38f9715251bd7b9962a51b6e56b547fedb11709a,,266665.735458,76829727.36,349899394.82,163683.022042,426729122.18
128,0x5cee0ca5f78503820d857371bc018dceab01a723,,0.0,0.0,424636663.15,2705614.207781,424636663.15
129,0x523852be2db1a76a0e088ecbff32e849544054e5,perpfumbler,6338321.750243,36309578.47,384743159.11,-262154.709083,421052737.58000004
130,0x470756b530bfa294b80dd4783a1fe13dcf3b3394,,13108.76539,7710237.29,412471002.68,-568523.981591,420181239.97
131,0x43690e4576a3fde753af68db7ce5f445928c46fb,,9143.146245,23895530.35,389189816.12,-1719831.27,413085346.47
132,0x9b89b84179fb680d97c7b2ea80ad2e88e0811869,,1565717.828954,100892153.02,312020104.54999995,-60359.97019,412912257.56999993
133,0xf7f8baf2197adf0c7e1725721f14ce1d53fd770c,,2699654.187911,66907346.269999996,345279980.53000003,168111.973437,412187326.8
134,0x8dc440b31a8953ec8e0ee780dc5f15dd6e30c031,,3732339.837944,85161258.17,322514197.28999996,13568.929291,407675455.46
135,0xa4dedda59f2908b92ae192cfd494839373bcb3c4,,2291964.874303,25742884.91,380354802.66,-96895.452688,406097687.57000005
136,0x345e9d43c865d6ba40d2e38194e0ff881b9c292c,,4879601.4634300005,122336281.32999998,282775241.39000005,-81591.003552,405111522.72
137,0xa5ee12ffed6a53622c11ea5f678ccea19b8b243f,,3055355.11411,71485449.56,328150789.37,-41515.897459,399636238.93
138,0xb14d1598dbfeaec11bae2a382b29adfcab9e8560,,628867.223925,27521676.99,370299432.22,-303777.888512,397821109.21000004
139,0xc8b527864ef2ad6dc49de7e99943a3a76ad48891,,22248479.803416,44190953.68,353144752.74,716001.724741,397335706.42
140,0x10f1d87fbb7617df5641d1c2bcb26f143f43202f,,15926.609067,100533656.84,289162526.71,-137997.160505,389696183.54999995
141,0xddfe0b953e0c88aaa8f01f769ffeb8c856e80f51,,330319.550238,117650240.75,269811412.24,-96943.857818,387461652.99
142,0x1081e214bd6f0137234b92432d9b6033b88965b7,,1092745.989083,72170530.28,314448791.52,333844.411554,386619321.79999995
143,0x61387d7e85508811de339276e013e0517f3782ad,,6927034.131658,90681405.55999997,295801752.23,-220681.023655,386483157.78999996
144,0xe6e0e0dd371e4f9bd5218ab4bc0634d59705ae71,,3617738.129598,57551826.91,324915577.6,417600.560712,382467404.51
145,0x46560b7207bb490a2115c334e36a70d6ad4bdebd,,0.784493,69718009.56,311230757.16,-377852.49,380948766.72
146,0x0a1f6c2009773b6972ef83f4fa4c28c23d7899b2,,96826.818682,181055099.71,199237653.65,-68115.181318,380292753.36
147,0x17c3c8fdbcb7d1b240ce08965e09b1fc91cba868,,9301421.239816,23952120.15,355616638.62,-4931682.616539,379568758.77
148,0x102d1d1a6240581a809bac9b9b4dff2eafe8c058,,77646.423832,11865928.2,366725306.37,45506.0,378591234.57
149,0xe2ad376800c2da03d611700ffc1d013090733c8c,,0.11437,0.0,377739835.92,3854584.188255,377739835.92
150,0xfa1413451bc8dd3484787eb3c3156a7e28c4aade,,354927.61188,70702613.97,305357619.76,-529537.140469,376060233.73
151,0x87f36777f22548787af3a2ad3605e3d48288b928,,190641.900364,140229993.16,230837306.18,-24861.697596,371067299.34000003
152,0xa38f19c4ccbcfd64cff676d72c436f7e6239dccf,,1790208.773002,69387539.73,299487727.3,584133.670095,368875267.03000003
153,0xe31501c472d557bfa145ce105d325fb2dd4cb867,,1102097.060706,70783909.65,297263731.84,75025.420939,368047641.49
154,0x8e80c4b533dd977cf716b5c24fd9223129272804,,233012.418522,51984467.660000004,312860819.65000004,-3097.363654,364845287.31000006
155,0xd83cff88a32ffbf3951f2b13e4a0a37103b3193d,,918168.082546,91147337.55,273638221.71,-279328.852678,364785559.26
156,0xf93f055e03a8ba214eec82ab80b814e40dd93376,,218073.131944,60925403.27,302278381.16,-870174.158612,363203784.43
157,0x9321d8117e73b0c79035f0e87debcfd8dbb1d75a,,10212744.809183,39969524.55,322923729.33,-3125086.822778,362893253.88
158,0x6c93e15ae14be1ef0f07f2fc151e7c91379a09cb,,191729.042801,74255715.66,287463864.68,-261664.28,361719580.34000003
159,0x4b62652d2f176bf5422c8157c5b37984837d57ca,,176368.414318,147512999.78,208362646.08,-490236.020708,355875645.86
160,0x186db447f4de2f258ec100aa194b6e9974a46482,,711080.237989,47752479.71,307076606.46,-1285828.062638,354829086.16999996
161,0x350e33a777d510616fbdb483d1de3b50d1edfcfb,,917493.019668,0.0,349790698.75,3549867.218397,349790698.75
162,0x07fd7e702ba749ffa49c3a6c17fcd9e6c7b7082a,,415959.879396,49590316.98,299479348.97,-44781.619134,349069665.95000005
163,0x0eba880f6be60142c70019d2dd46c49c47204eea,,367663.825711,51739459.04,297069219.14,-571848.096089,348808678.18
164,0xb632c6580173a16154f17cdafc6eb27e95cf73b7,,4410925.465231,149344758.22,193929871.62,-241868.351128,343274629.84000003
165,0x91fd6db0942ae997db40f0b42049714adb359841,,151274.51664,64582602.9,275209091.84,28400.27736,339791694.73999995
166,0x6b25245f600e2e9ef91d4aaf851f4f6677721b2d,Yogurty,165389.03208,9023520.81,330393722.6,106382.139207,339417243.41
167,0xbc256baa3480ec7882ac87eadc349e77291b202b,,606998.425862,17420439.57,321432229.98,-35108.07968,338852669.55
168,0x8c028b7c65d86d9721874c87819c6196e6cdb73f,,6011883.066467,0.0,336798243.51,-3997983.972949,336798243.51
169,0x493364de7f4a39ed24f9c68ece229973f324d369,,236097.918686,60858033.54,265611057.66,-58735.550574,326469091.2
170,0x05b5a0ae689c17cad8155932782a5c29426abe75,,4216426.852617,98848900.22,227340861.47000003,585928.832087,326189761.69000006
171,0xe639710e64d7094f7f82ab495915559c2f612953,,2036597.698894,33456692.48,292525045.22,-809689.667701,325981737.70000005
172,0x92a7bc9b107bdd35e3db97dc171d5a8c1ee33fea,,448122.622477,24345627.64,300518587.5,-593504.60921,324864215.14
173,0xd6e1a6f7bb47aca69aaa511210227d40926ff256,,4197859.053619,60018761.17,264186075.93,456627.851331,324204837.1
174,0xc05b532d9b4eff8c140ad5477dc87d5803b98951,,493982.049069,58167787.92,266009673.3,-107721.006466,324177461.22
175,0x8eff8ff863c1a54ec6697b7ad98fe30aa344bd5e,,878449.901624,43753602.61,279470313.76,170057.069966,323223916.37
176,0x7e1ad5e2bbe30d6d202e7c41036ea0a07c560be9,,1606490.126854,40348464.58,282645228.41,1359714.801727,322993692.99
177,0xe668c4300f51344d8e6cee6294cb9cd1fb5fb5ca,,242134.893003,106583231.1,215561392.39,-165442.737477,322144623.49
178,0xf1e79e5cf063073deec9a0d86c178f7cde84d479,,7303781.240664,62201586.91,257542880.3,473388.7314400001,319744467.21000004
179,0x1367df28c0681431b8a8f3d887576a1cad85560e,we love u jeff,7244770.838107,42954395.56,270980852.96,756960.53651,313935248.52
180,0x92cbb22a9b9fc01da9914c9b39ed904dd61b859c,,8385491.779669,90115145.48,222628455.37,74750.597762,312743600.85
181,0x344fef6f7bbc591363a734ffc1282bf4236caf5d,,9176759.962751,42378024.86,267377520.84,-891172.860729,309755545.7
182,0x545830143aa012cb11f0318f5418d75109627008,,363986.116413,50293851.44,259320797.51,-177570.55396,309614648.95
183,0x7689a1d1872214cc69cd0f09427642dfdbb5d93c,,364566.25576,82921755.76,226565238.9,207821.20576,309486994.66
184,0x30afce2f6842bf183c7e3fe7162e279ff0b6393e,,9858541.734928,96694491.49,212385230.69,13960441.09947,309079722.18
185,0x696d1265c8fc4f14797abebfae3c43ebfa9d8e28,,434134.174132,120321036.0,187901050.36,-442231.292429,308222086.36
186,0xdf954bbe619273a56e0cfa90dad8382195dc7d72,,44486103.278124005,46707481.32,261083793.96,-4428701.302646,307791275.28000003
187,0x92772bb3c161c573717865e59de038821935376c,,309040.384503,91600540.73,215136020.85,-58583.337995,306736561.58
188,0x8484fbedae4e9b2e26df44b92cd5f81b71c8150e,,237928.98912,43972244.81,261910658.98,-723651.632018,305882903.78999996
189,0x8b61a50f7091abbc7ab292d3a24b9eeb4a29c0c2,,2632091.061657,75108129.87,230313307.99,142988.047735,305421437.86
190,0x9386b9538884d849943d77f1c5412de9e72b021f,,1053333.170192,47226110.98,254478048.73000002,-34805.984921,301704159.71000004
191,0xc30c7ea910a71ce06ae840868b0c7e47616ba4c9,,696570.761977,60906159.74,240337043.25,-511877.79888,301243202.99
192,0x854b9d63fad3a8bf6dd73debbf2fe193699c775e,,847106.831103,20306627.73,280369661.49,133737.035704,300676289.22
193,0x9661390ea53e4cc9b7e02b441897132cbc771cda,,84646.979035,149627383.53,149627383.53,-298535.290965,299254767.06
194,0xb9a6c1c5fdc74f9a4076110bff09bb8beb62e7a0,,41247.376467,31992659.75,266982554.36,-124641.278538,298975214.11
195,0xa63be3806dbaa5b8dfc62a4e1d93d7a530567de7,,123555.148076,77836371.87,219865278.97,-240685.182023,297701650.84000003
196,0x2025137a136bea7446deba681cbfc7cf1970840e,,5076647.115909,54186179.89,243479692.76999998,287602.104099,297665872.65999997
197,0x9c7035f6c578f0d0372155d23da1c9345e8c89d9,,513530.17466,66194958.2,230805434.64,170165.912778,297000392.84
198,0x7c930969fcf3e5a5c78bcf2e1cefda3f53e3c8fd,,261064.6252909999,28345816.96,267663771.21,-212392.150726,296009588.17
199,0x58b27998b4ff896949d5f57466b259e50ee211f3,,10874826.992286,64092775.47,231283392.2,1209793.518789,295376167.66999996
200,0x6d91e49b8dc6eb2ba01f85f80626ef0878d3a39b,,8141.659545,28538379.83,266174998.46,-240911.882881,294713378.29
201,0x926a8a1bc7fa22e2fdd4459c443158aa38adaf36,,1652506.639948,81578345.64,211567175.53,513384.229607,293145521.17
202,0xa6a1140c06c35619038823f58a54f25eb33c29eb,,4446256.265932,57056249.099999994,235038214.78,528364.361513,292094463.88
203,0xc42ec9d9156d9196f9a3887380ccfaaa518e4c8d,,59104.011161,54430539.02,237460151.1,-20083.94188,291890690.12
204,0x6798a1b85070f6e49b771fd9e76f5b4a2fc27497,,746369.598521,4634696.66,287060975.27,35614.578046,291695671.93
205,0xd9ad5e8a0248e12c7fc44ceab922e367d059d7ff,,614346.452145,94086150.95,196185386.33,290711.554642,290271537.28000003
206,0x4a4940a4228509996b4d26cedc2b9ba12c2ea653,,417782.541911,77487088.16,212604438.69,112658.772272,290091526.85
207,0x1e9b03ec06f463bc5d81c15e050425639cc43855,LondonWhale007,56252.642319,24350494.74,265194567.2,-234779.868163,289545061.94
208,0xb7e0b9fbc9479330d70bcc82a7d4325a20e8d1aa,,4500767.864513,19716300.99,263605174.47,883986.645185,283321475.46
209,0x4025d75db7a13e25dc6305ac00cc1c849f26b7c9,,0.283821,0.0,281406332.8,-275956.8871,281406332.8
210,0x47472cd62c99b8b5ce7e84e733515133e9aec0bd,,23683590.270536,34105216.08,244396378.69,538003.999006,278501594.77
211,0xfd2f37d266d4e7c04e9e33421f2513bf49d32d11,,42736.991062,5117560.53,272065903.08,-8201.230766,277183463.60999995
212,0xd1dd6d99c5fb5d31ff52eacce5046c7158859e85,,7253011.370651,70044099.58,205992580.82,1438858.5484409998,276036680.4
213,0xd8c5228c515db3043dfa0c8cd6f22450ee9a99b0,,16073496.329741,55573319.44,216058263.76,-744182.709083,271631583.2
214,0xf29c6bc1147a841519b382459a6d7a373c6b9971,,10716473.678489,40240736.36,230757246.94,4098625.399338,270997983.3
215,0x5f6eb0dceaae65eca27c926bdccb0a7fb13bc25e,,52699.242725,39906029.31,230241522.84,-31417.584472,270147552.15
216,0xc3b1951ceffdcaf25640cb37ce1d6cf125579a03,,1112468.008175,3533528.16,266548694.85,367989.435652,270082223.01
217,0x48ec0004494081e8332589faf0747d568da79faf,,303534.71661,65389656.0,202760347.13,281425.318342,268150003.13
218,0x5c15b344a8ba43884ec77feef9a5f3d69015928a,,4644.607532,4925624.29,263140554.18,-162549.76,268066178.47
219,0x6ab3af472fd676fdde0a13f6736b0ac64356bb06,,3948658.930228001,47985444.36000001,219307982.8,-40324.830681,267293427.16000003
220,0x734531e87f8c1643321355f7143fcc6169c4b404,,2249750.046,24213670.5,242523625.7,140689.431503,266737296.2
221,0x044ab66014ae8c747ea89313c9400953bc65464a,,2641657.834934,87972183.04,178713816.39,-797493.020855,266685999.43
222,0xa0479b2c614cbd03ceab36ae5a6d0822035e553c,,8149576.026495,33676244.93,228201546.11,-699169.500162,261877791.04000002
223,0xe6781c6a6eda7821a2c17832e2e5edd8fa25c7ea,,822538.999476,30842299.34,229565376.29,93635.043145,260407675.63
224,0x32008fcb6bbd16532afc83ca8b6c920dde22c407,,2.74019,0.0,260075331.8,-3998679.853483,260075331.8
225,0x0b7879fdafb34632b6b92287158bbb8705cf11f0,,276260.923262,87148193.51,169545828.66,65385.323262,256694022.17000002
226,0xdfc4e98b261acfc40debdffcdc703c5138c932a6,,69774.333257,35915478.7,220690195.4,-179585.801108,256605674.10000002
227,0x920fa68300c8aa95c4563e0daf79a0b0e51f0cfe,,8307177.569494,62313350.43,191931254.06,-112320.533102,254244604.49
228,0xa61c57d0d1a83c02542092b431999b9870dd66b9,,11063141.271401,19941651.9,232422531.01,2993040.545525,252364182.91
229,0x0266a2451f715276eab4d1a0d6abece0b475af5f,,2600988.719443,36501501.720000006,215487148.32999998,52422.4002,251988650.04999998
230,0xc2e859a2f436687d6c93174a343d6c0092acbf85,,285207.667696,20091185.45,231801688.14,-176467.02664,251892873.58999997
231,0x7eb9026d0183942458bd4660371c3cc0a2df3beb,,5353393.841831,87973795.26,163863641.79,143320.59155,251837437.05
232,0x970ca5d7a03bc0ba304997ea709464bbfb662a93,,3098051.363311,0.0,247622259.71,-1432619.714905,247622259.71
233,0x5edb2ef3beea0b9023c4f29308b1d630eb0214af,,26482.826668,7413986.08,239949947.24,-146186.181519,247363933.32000002
234,0xf87c27f3e754d21d3271ea38cb269e603da80a7c,,69348.104064,81479211.49,163411146.21,-480469.488664,244890357.7
235,0x146c7c66d5045344e1bf6731849622d2edd450d0,TwistedHorn,33194.913886,26014154.15,217701405.09,-37060.728352,243715559.24
236,0x03b9a189e2480d1e4c3007080b29f362282130fa,,74778551.79971501,35426307.440000005,205978794.86,2206597.1656939997,241405102.3
237,0x64b766b07362405a9cc19c2226490f3015929da9,,8264355.663582,29904693.02,211045147.01,-517645.756418,240949840.03
238,0x9137bd9347f07990a8ce22869f8b93d190479c5a,LAO QI,6056.538923,0.0,240411632.95,-280714.757257,240411632.95
239,0x634fe24f2f7396f5d967ec3936df04f49a3e6951,,399912.381595,19016772.95,221065994.71,415135.028602,240082767.66
240,0x807ef896a60b063aa02b919cc7248f84ac134cc8,,58555.403545,104737128.8,133724346.47,96876.933545,238461475.26999998
241,0x9cc53c5af67fb83a16cc41f61e242bade875ab3d,,464710.863278,34866985.620000005,201836558.99999997,-41271.95663,236703544.61999997
242,0x81d96d76e102f628fc2a4ce149ddab2c7ceef04d,Hype Momentum Engine,95803.920855,19735307.78,212579632.87,-35616.180698,232314940.65
243,0xe133bd8187f340be54a7369d85390ad390a546d6,,571555.808732,59828076.4,171659487.51000002,-486069.184283,231487563.91000003
244,0x08138243c8b2c5bb825763a7b065280a57af79e5,Thank you jefe,1565688.597458,67572713.23,163860696.55,67297.441093,231433409.78000003
245,0x643b713c5c6b86f74c0bbd77d0fe257acc772801,,1582584.9303879999,52347161.89000001,178983100.40000004,-37372.419188,231330262.29000005
246,0xb37f083bad343a76361cd8f39afe7ecd6a0a66ca,,4385468.407595,45555001.4,182521486.49,-1618718.518181,228076487.89000002
247,0xdfb690eaae46e19c459d7a79af4844bc0d57294d,,2019456.459094,75918693.42,151314405.06,-696796.185535,227233098.48000002
248,0xbd697846b0911baeba002a56bdc16f1f332d45fb,,375188.556892,78338666.78,148503589.4,288720.424294,226842256.18
249,0xf02d16a272a842f8bac1d9a9e773aba1933454c6,,32050416.68821,17442641.97,208916044.63,-648566.011061,226358686.6
250,0x838d8e13ec1010e7851b3dc333699db885f2520c,,937470.333447,8218499.77,217923964.54,-31318.904622,226142464.31
251,0xe16e9578b019151e2ab3e2ec0a27a84b6f5e6ab4,,2067996.362005,28590749.060000002,197385067.84,165831.868192,225975816.9
252,0x5581dc4ce76018e8da664ca1e2ca3d748564293a,,63496.353482,28053428.68,197235352.58999997,-30260.213927,225288781.26999998
253,0x795cfd1b03eafc11c4ec958b8a94cfc9aa64a242,,5616777.747276,63516729.5,161686554.04,-736490.151101,225203283.54
254,0x68af3f19b7cf1934909bd43776050fe83b0ac654,Bogfather,1583706.439371,53324644.79,170313748.6,-236557.596702,223638393.39
255,0x92fca16b23ec24dd7206552be0286eb06ca83cd2,,2034560.067098,37262758.47,185111486.27,79129.927098,222374244.74
256,0xf9faba57a81d1575d3e506dd3eafe7db6f2a3275,,1314855.858617,73200963.97,147076128.23,1014906.699364,220277092.2
257,0x12f7aea21eed5461d30212ea771c4441656b8750,,1658367.08127,48362621.55,171279630.44,588472.932173,219642251.99
258,0x091159a8106b077c13e89bc09701117e8b5f129a,,2116258.382638,0.0,219396420.21,178625.187358,219396420.21
259,0x64a4fbb71858f681f3fa10a42b34180a9a48088d,,23441912.393600006,37645722.78,180316429.84,-745341.8034989999,217962152.62
260,0x133b957909170b1fb32e3c4a0bd0ce1920a3bca6,,1559790.9232410002,31138800.39,185190285.11,48797.205899,216329085.5
261,0x77eeda199553e33b246e4b4666849b9ad0972902,,8584893.885638,104064982.44,107714513.03,3417733.909398,211779495.47
262,0x3cb47b2126ab113d38432440f35ecf07bf106f90,,4717.723907,28454119.34,182564401.56,-165987.62055,211018520.9
263,0x871fe6fb3744abbc8911147e70bf41fbb0fa972b,,328615.905236,28610481.89,182081699.6,-192030.068906,210692181.49
264,0xcbab8e70638b939b21d0c5467a31e69e1361dc70,,20.335876,55092052.5,155241502.06,-2225777.114124,210333554.56
265,0x538d89d131b56c7736be4e2eeedc3c51463980de,,773224.788416,33879969.36,175399856.56,335011.310868,209279825.92000002
266,0x0bd95475435b36a336853cb001a0eb4ed5f36a5f,,7260957.955864,31215996.54,177784862.6,-274108.987267,209000859.14
267,0xa445a0a15b1d50fa0c4bfe6796d9447e0da5329d,,20117757.588759,39583097.66,168917301.22,1433690.423832,208500398.88
268,0x5b5f798b94f54d33ba316c8b1c837e930c90c052,,98408.783568,17965449.18,189873822.96,661958.280445,207839272.14000002
269,0x325edd95bb016c36027ce3b9f7595af7094a9564,,7898773.441576,59167892.91,147659956.48,286712.395463,206827849.39
270,0x170519f69ef4bf7940eb8f9f16b1d60c50b92d79,,1841134.107703,34842526.88,171838748.0,191275.810337,206681274.88
271,0x8e3d5e109837c11ddd373d97c9b3e4d716f1423a,,1982150.271397,27074073.23,178935495.94,273021.272376,206009569.17
272,0xab961d7c42bbcd454a54b342bd191a8f090219e6,,0.013259,0.0,204548143.48,2131401.928669,204548143.48
273,0x0884051c662892bfcd8a132d1404ab8a3a409cea,,121047.494822,48697204.03,155291639.86,-753040.789043,203988843.89000002
274,0x89da4baec446f35a1cbe17a9d1ee5c70b05ee43f,Machi is ugly dog,0.348185,0.0,203813244.91,1679147.8,203813244.91
275,0x62adeb9ae6a4b53bd874334538e73ea4493b5f3b,,5896127.917142,24632693.18,178815571.38,-582338.828907,203448264.56
276,0xab47e5881d92c6a7c8d214b141b805f963ccc133,machi mode nigga,237920.605147,42757983.49,160060967.02,-93405.39233,202818950.51000002
277,0xefcace57934a753d66c48a31b880ba806d4c0869,,342075.046693,15823045.040000001,186889110.55,-128251.237229,202712155.59
278,0xfba7c3e68638fda0a13994ddb6733cbd016ec826,kko,165359.791331,36914770.9,164992725.79,4926.118242,201907496.69
279,0x9df6bda43fd897bf1be8b87841f6e6f89c9f5490,,0.151764,0.0,199454162.51,-574746.396143,199454162.51
280,0x4aab95776b64828c9511efaeba867219ead0f701,,252855.27497,87578984.05,111606480.06,-92507.165018,199185464.11
281,0x19263b1bbad9fb9e50578c84d656553858fb8f55,,9287.531671,55111542.15,143512607.35,-69375.231711,198624149.5
282,0x2e30c32738a28833e3d85189c04895c25ee54cb5,,4820775.174766,27683296.72,170632345.7,-66672.702861,198315642.42
283,0x6af7dd75a49d3183e596b05f2d920cc31a6d74ce,,150295.291193,52800062.58,145391325.49,42751.846407,198191388.07
284,0xca230e816bdb34a46960c2f978a30a563d1ae9e0,,1668106.05441,8571489.83,186285302.88,335957.832053,194856792.71
285,0xb2aead68a3639e72af2d9303dbef398aefca59f9,,781703.610644,7840461.1,185961560.25,-256019.63896,193802021.35
286,0xec0b9ebf2a304c99cafe85c548c14dd7783cb078,,13577946.545941,91755943.18,101920691.96,1394373.675112,193676635.14
287,0xe86351e0f69bd808def36e7bb2f9107443838bb8,,2519798.477685,29280429.01,163629458.24,-159886.536341,192909887.25
288,0x72774e2fe1992d5da8c6e9cef73fd2ab980c0b98,,2766096.874794,12109651.43,180765793.2,354785.352648,192875444.63
289,0x77ee3604adbdefa66a817b3cf776412a6613a018,,3834072.045268,49723815.4,143136055.03,2658858.166732,192859870.43
290,0xcf7c4feb434751146a48b895e96caeb15838f92c,purrmaxi,262105.485973,41418968.07,151017496.97,8759.523996,192436465.04
291,0x8ed318c5eefd8c9b15b6ee351734c8a350b2f23a,,6300111.541747999,32346631.4,159574856.66,-491438.4695290001,191921488.06
292,0xa0643168db9a89c8db1b4343a12d4dca295cdef6,,2459434.3386529996,21125997.64,170074762.88,-109908.552335,191200760.51999998
293,0x85e14c3f5f5151f7d8acac2d001ef050fab63de4,,1143740.347944,52260222.7,138378985.27,494414.007944,190639207.97000003
294,0x20b7807939c774a152b396beb704acac68fa10fe,,53052.282797,62295574.76,127906719.02,-268509.628105,190202293.78
295,0x4b0c8ca351005a6de0068774e1ff42db0adcb370,,34283.155703,23747193.45,166000646.72,-147488.03,189747840.17
296,0x0743f8217b4b913743327497fbb6eecfa074cb25,,15304.863309,664590.97,187686504.31,-135092.3301,188351095.28
297,0xef5e657b11889080e21ad69e111b9f0c1ac35ef5,,8152.523174,5327689.0,181520950.3,-142800.281091,186848639.3
298,0xa864144d507da1f5a90aae0147b8cba6d93a21cb,,186169.607323,351001.81,186323440.73,-266529.669821,186674442.54
299,0xc298efc4785f2f282838924103509156c9578a9c,,11172462.097191,25829652.04,158997037.22,360547.267373,184826689.26
300,0x77ddcc4b6440b3a32b7802f053105c2fad3ae0e9,,5535310.750526,0.0,184489053.81,-1714964.716451,184489053.81
301,0x6463f53d916cb7741a05a2c11aebdbd7324342f5,,2180837.851177,18379228.02,163757830.16,-419474.539473,182137058.18
302,0xe8190864576e868e11b67ba82c9b91b7d4de3d1c,,32846.268296,32738273.34,148981677.25,-2465.382254,181719950.59
303,0x72655b3926db3afbe914a53b0604905af7ce11a5,,9415105.050884,17995286.24,162444547.62,-1743550.593423,180439833.86
304,0x114dc2c90b61ef68b6ccb45d8e9902609cb08f9d,,1361271.872097,41070731.98,138710465.88,-308536.099423,179781197.85999998
305,0xe5d9afca6e0af3eeef505dafde0438771ad23307,,104133.863728,61864128.01,117483290.51,-171196.756272,179347418.52
306,0x2aee33ab6a330d1307c0c77088c528ed2cdddd07,,5700215.327007,24182826.26,154783368.86,-158579.222023,178966195.12
307,0x42bc06d636e9a9a93edb1ddf781ee97821a73946,,2381565.770111,27745969.81,150833136.49,-268878.889644,178579106.3
308,0x7e4e766d0ae5ea9cded0c694669194db92800107,,10628348.059136,29838889.33,148352141.49,-839034.88,178191030.82
309,0x308ac0b8de9699b754e72a568f143d8856993336,,1020632.357158,51288498.7,126045886.15,378949.849596,177334384.85000002
310,0xe1d39d2b30da977d470e0652239372b7ad4b7766,,1262943.340304,20907665.06,156139713.17,-70583.62133,177047378.23
311,0xbc1bc64be47052fbab69d12fe5da1c3327788d1b,,6977082.60223,7627348.02,169037782.48,-653791.795258,176665130.5
312,0xdd0a20faf5147dc29a16e43e5c0fd4ca9bfb4e36,,335986.920053,80767541.88,94897896.45,-6173.380586,175665438.32999998
313,0x35f13dc71426d4a429cf8bad69c4b39abbbf9896,,1530460.613618,48121265.75,127481946.86,30780.15032,175603212.61
314,0x9e0a3ad8216952b1ffaa03772b0cae25691679b2,,291.408485,0.0,174848709.8,-178081.76,174848709.8
315,0xadd12adbbd5db87674b38af99b6dd34dd2a45e0d,,2668526.85494,49279114.45,124363512.11,56464.923478,173642626.56
316,0xb49fa1dd045ab41250293540a271fce5a7168258,,129951.564892,53457607.38,118949082.47,25325.374892,172406689.85
317,0x2ae2519036ba86b7d08a70cb30a3a34a6c3a78ae,,4259191.089767,6642988.0,165684007.49,-749370.188867,172326995.49
318,0x98d5754c5c552b2cc938e87c6b0400ed7d750aa3,,55036.139857,28382403.21,143672296.64,-56608.251383,172054699.85
319,0xcb58b8f5ec6d47985f0728465c25a08ef9ad2c7b,cat hot wallet,3806026.991771,50028485.07,120217410.9,47561.994566,170245895.97
320,0xfbcd5294a033dac3acd3e11ad6aab6e2d12b026f,,53842.153271,51762068.83,118324311.06,-56183.841199,170086379.89
321,0x11e64cfe088a23ea57b1326a4ada88e564716796,,481681.47073,7040527.71,162742272.78,-180950.498525,169782800.49
322,0xf7772737dd6e90bfbfd6b1f966a0021452cea894,,4939557.78122,21888905.85,147180580.8,-114985.024091,169069486.65
323,0x191f565e660e4323b7a54c193eb571b99fdeaffe,,90268.178766,6544207.6,162519437.32,-63928.059782,169063644.92
324,0xb5b3f3caf9d778b1293e5cd29f32e84b04c67a08,,2984479.569755,0.0,168668633.46,-1408216.459346,168668633.46
325,0x24762c564e52424bb88f5cb916ab002436c5f6bd,,287235.871299,76956718.42,91621111.29,-217798.521269,168577829.71
326,0xa178a9ebc949245b2f453d87966c1653115b999b,,506384.5171849999,49415463.29000001,117180501.64000003,109733.007109,166595964.93000004
327,0xda3768e9299e1fd81708ec030dac5ea37125f7b5,,13102037.687710999,23394440.73,141880644.62,270188.469274,165275085.35
328,0x6bde78a5b2091bcbc915155328bd138b534387d3,,16883.944816,17691917.22,147410733.69,-107114.09,165102650.91
329,0xa0b566072b23c3e9c0fb6cdb867235b65ec066e5,,1e-06,0.0,164698013.62,131158.828677,164698013.62
330,0xeac842b2214cfece3f0d288293da19f408d91ede,,2435467.089492,41407728.93,123115405.36,40515.848728,164523134.29
331,0x93ab7dbdeb996806454de19c35c8247f4b2511f8,,14163061.04201,44229843.26,120040309.54,3858246.411607,164270152.8
332,0xe60dcdf2648394b6082452707210a23017607738,,22930.426941,3380832.81,159553720.18,-207669.057489,162934552.99
333,0x2cff35b62aa18287a4b866e8c0a5ab6f8781e8a3,,2101748.94587,16507703.870000001,143929769.34000003,-99202.505708,160437473.21000004
334,0xf517639a8872e756ac98d3c65507d2ebc25cc032,NMTD -Thank you Jeff,12151601.740798,6531313.45,153247733.5,-193851.599832,159779046.95
335,0x440888714a6afed60ff44e9975a96e6a36f7fac4,,428665.766777,29831178.11,129396063.93,148194.485954,159227242.04000002
336,0x519c721de735f7c9e6146d167852e60d60496a47,,24700435.433692,0.0,159197665.35,3052246.911818,159197665.35
337,0xf220c9b7b4c0e5e785ebe4b40b17576ce24473e0,,1282361.761402,6892526.35,152155251.02,651088.399776,159047777.37
338,0x8434b7844fd17fad52f0aceae50a834cd4896577,,61280.815702,34115496.12,124801888.11,46453.793883,158917384.23
339,0x4e28dee6193035725e993860bf8838d4e5326a9c,,75423.326423,40060222.8,118766906.2,-244598.314959,158827129.0
340,0xfd4224606069dd88fec92093a27591008263fda5,,2441789.096826,28340840.23,130363480.69,-67849.448797,158704320.92
341,0xc5ed4501500fcbfb2b88fb7f0aa52f834ed44346,,581993.905073,21566404.88,136785466.48000002,46764.959936,158351871.36
342,0x7b598b0358731d5a8a12da2502f52eac415348f7,,6234718.385896999,25915413.39,131591137.43,-2538002.2531590005,157506550.82
343,0x6706bedf7d075bb6e9b34f3f2cd1b372e483cdeb,,1433258.320506,54409168.3,102994195.51,-37767.442212,157403363.81
344,0xd2341dd36195abc16735f0bc2cb2988ccb5663c2,,298821.692303,51836919.91,104776979.98,-118320.308099,156613899.89
345,0xc745044ae202b60d3ef5ee89a5f6738011651464,,1000.571581,0.0,156288272.96,49537.791168,156288272.96
346,0xdf4b79c5cebf5be025f9a0658a38a5440689c147,,590377.803412,49491983.06,106663417.5,134874.963551,156155400.56
347,0xd05d2e015b9ed6f17f2111cf1ac7ae229155816e,,0.101769,37308840.46,117736436.79,-119027.023975,155045277.25
348,0xebe126adabe1a8f08d3ce53b45e7cc994ca14070,,28811866.269233998,45003876.31,109676632.91,-775434.694898,154680509.22
349,0x07fd993f0fa3a185f7207adccd29f7a87404689d,,10928243.186994,22356603.01,131926975.09,-2166548.895732,154283578.1
350,0xf3b80ca39e5ba6d112f862c801fc23e53f612ae0,,347988.568637,0.0,154207421.55,-394059.576873,154207421.55
351,0x89c645ecbd07825b194e3b98300eb3497aaba406,,15824944.798282001,29011438.33,124481116.63,468325.000683,153492554.95999998
352,0x2da02808bb693f698a39fb541b01d7d2775ea334,,10125.070298,22304346.14,130346618.34,-124777.269873,152650964.48000002
353,0x03e20e0b1c71dafdd9ccb826b4a3744d2df17c89,,1254381.201757,21842065.06,130370043.64999999,-20887.372361,152212108.70999998
354,0x9c575a602acb7a04dfa7c37fff770662a9a84341,,222019.534405,35062310.48,115983472.29,18990.255882,151045782.77
355,0x960bb18454cd67b5a3edb4fa802b7c0b5b10e2ee,,0.103477,41738481.49,109142965.83,-791335.400809,150881447.32
356,0x733c86088943d4b8fb4e25487b3c386cf3014ac6,,154202.314234,6727211.32,144136853.66,-179764.525207,150864064.98
357,0x98e8118481aa01872142a7c447dbccd0528df831,,287158.118886,86517.96,150465240.24,-346493.774465,150551758.20000002
358,0x917f1099f35392a8e6e3a2baf013f468991fe78e,,815.125221,8378864.11,141863134.63,-110495.123511,150241998.74
359,0xb695651daa495f59dd2725c6fe98322d8b51a92d,,43638935.733862,19321198.64,130800141.73,-5665058.504534,150121340.37
360,0xe02e420ec55b4e03924d77c7b342c012541ba2d3,,5700545.656002,7827577.89,140828393.17,186932.664057,148655971.05999997
361,0xdc6448f803903f3178a604decb388f7959913553,,1486025.26714,25843445.38,122588629.15,-26817.305319,148432074.53
362,0x0facac3bd128fe6d799898a059d3634b877c7a0a,,1537665.4538259997,36409693.199999996,111692388.10000001,-419199.242093,148102081.3
363,0xea6670ebdb4a388a8cfc16f6497bf4f267b061ee,,459791.246134,0.0,148001079.94,111605.780461,148001079.94
364,0x5ad96a3986b9d2cfab1d39c68002edd17263f5ef,,1793059.709362,32921546.78,114922092.21,-111163.383352,147843638.99
365,0x50b98497785b1768b8c029c198e68b7924c75e2b,,531043.10258,27889005.25,119556555.73,544255.56258,147445560.98000002
366,0xc95a65ae949552209d1d23eb43c7a2892c05a287,,0.0,36851089.88,110325749.03,-262603.76,147176838.91
367,0xed62616a7c1dd354801f4e72389299a81493e004,,694932.969665,27877213.04,118843982.09,96817.790224,146721195.13
368,0x06f2813038572bee8a76d6b7896a8ddc0e991701,,9188.038493,0.0,146622242.75,-27897.962793,146622242.75
369,0xb7e09a94603f4fd3b67537b4c43584fe1498ae05,,1473229.056292,13481911.16,131920598.63,61518.953094,145402509.79
370,0x2462812f20b6e704fa0ac16c6e189103f267bb8f,,332765.828982,1029089.9,143365219.31,99597.983574,144394309.21
371,0x13da9d69a9b8a28495ade07d3ff1c61d024808be,,3863437.431273,43259754.72,100751007.55,3727272.04633,144010762.26999998
372,0xdd53c5297309130ab5fe5623dc905752e3342b13,,52392231.650193,16982327.72,126336125.11,-16087936.923206,143318452.82999998
373,0x43a907c297b294fddc288d0563f6ba5bce42257f,,80702.281731,23943844.93,119208602.13,-29948.030442,143152447.06
374,0x25e9e31168d7ec59b0bfd54ebde8f3f6b9b1a5ea,,623070.134429,26403814.72,115747094.48,77229.006553,142150909.2
375,0x53babe76166eae33c861aeddf9ce89af20311cd0,jeff lover,27733.296718,48842668.97,92936549.67,-17620.659341,141779218.64
376,0x93db4db3f84e205d586eaa6025977d43c39dd532,,151550.004631,33783136.41,107876414.05,-22611.898876,141659550.45999998
377,0x0c48aca41268340477fd8bdaa974074d18b5d516,,1468713.209285,48774381.68,92302771.02,-272536.496974,141077152.7
378,0x07423f74354aedab79af49892ba88c5ec73e57c2,,327167.855848,33651377.66,107136034.18,-18458.821981,140787411.84
379,0x53845d839c8c92822b784f2748c4932385617049,,1054913.73906,24851688.64,115351210.84,227375.586578,140202899.48000002
380,0x90e56dc997fea87c8463d661e621b1e7fd5181af,,979235.994959,30035178.810000002,109658774.57,48677.932511,139693953.38
381,0x000790edf463801907a2f42782e1c4c862f3f870,,26849.097903,28373178.14,111169543.43,-103285.555182,139542721.57
382,0xb1da97a05c4e0757b08829b02f8e5a126dc17168,,92313.655466,55796632.97,82657417.68,-325163.544534,138454050.65
383,0x1883be35be2c2a444e748ada455fc39972097ad1,,135245.884559,28075352.26,110262239.15,-28860.191093,138337591.41
384,0xd9012a0c82242b04ee09e45e98b24903f982d975,,3313073.5120269996,28797909.61,108828045.11999999,-80835.432282,137625954.73
385,0x6beffb9bec3364ae579fa7cb864effefa7bf2695,,406289.451886,34909290.81999999,102079618.13,56320.815358,136988908.95
386,0x1bd2d89e4b9a2d373e89d74c8cc02d1562fa9626,,172738.089029,20074714.83,116655176.52,-197005.05126,136729891.35
387,0xe08cf3478e06b33d15c41a3a2a7fd306443cb879,,4169248.2969410005,15896936.190000001,120640120.23000002,-477093.4892040001,136537056.42000002
388,0xaca2dda8eb0469f16b9624d65e5ddabd58989177,,986181.881626,18510533.45,117807224.46,176495.240391,136317757.91
389,0xec85bc052ec5b6d6cb2b40f5caa45e39b61a77fe,,9876161.134953,26579396.66,109721842.98,-17331.117216,136301239.64000002
390,0x467b81baf0f226169146f8345dce5d78c3fee079,,58911.62646,9428985.56,126814491.49,-13260.603544,136243477.04999998
391,0x598945346525e8cdcf6a8d441eb2c88bb36199b8,,17301.580888,8627212.1,127452132.0,-235677.066902,136079344.1
392,0x931153baac031d055389b41d12cd32c9bf0ae7a3,,250000.448431,9580371.12,126463682.97,-151950.410605,136044054.09
393,0x251f933e62283b6178d6f8c5629859dfa8b96e5d,,12201055.951198,32149678.9,102133511.37,190215.561916,134283190.27
394,0xdd0c5de50d72e5eaa96816e920e41ce89c4b8888,,1252448.41146,14402727.63,119817824.13,323817.345429,134220551.76
395,0x14f8899fe7e772b012c9d4b9499dc86c7d30b144,,1.155216,6183577.8,127655674.09,-206441.2,133839251.89
396,0x421d63283e3162ffef83d37cda3286653e829048,,18905.32936,31677125.94,101724364.42,-8193.897348,133401490.36
397,0x2eaca7c0b93064c8f5c9c67cd2415cf68724bcef,,1484341.192932,18191111.25,114492580.41,56614.132097,132683691.66
398,0x374772bff13b0ff105abb66e226bd42653b9e3b6,,8116.732997,39701656.45,92939246.92,-14197.759138,132640903.37
399,0xe330ac756dabf22466317a01f5d1e9baa00e77a1,,2353759.560078,16816843.6,115277861.66,-71826.606298,132094705.25999999
400,0xa6e2dc44418f5ad213c86db4dbb203a59d13c49f,neet to $1,823453.412097,3273757.25,127162753.92999999,-3501.926087,130436511.17999999
401,0xe4baa9cd51176265ef709a81307f9971030009e6,,452956.980366,22095923.44,106829495.82,-10576.487661,128925419.25999999
402,0x9aa589355bf745db9784c8ef3c646360f11b58af,,12167942.875145,9656286.3,119155369.18,-2020215.072389,128811655.48
403,0xe32aa33ae6f68cacc9710957671df4100564a70b,,238948.612479,24351485.51,104252045.25,-3165.721234,128603530.76
404,0x0c1f6941fdcde9488dfd36ca16fed6b3bc49672b,,824470.90906,19885519.9,108630149.48,270195.020623,128515669.38
405,0x1e7127c81c8a58661a0811f026b6be66533934be,,339121.379837,36429390.38,91886931.11,-52985.38602,128316321.49000001
406,0x9dea4d13ac1c469b7fe9049d43835df1be143ec0,,899022.897821,30221246.61,98054095.17999999,-39430.792744,128275341.78999999
407,0x42d7ae81ed10618d7b308c5a92201de3b2c2803a,,44897.832482,25878590.01,102132977.15,6965.971254,128011567.16000001
408,0x9dead8fffcbf130e7658f672d2c081d91178d617,,3606106.247232,20381399.72,107269062.46,-35362.465771,127650462.17999999
409,0x4c3d48cbe2186beeafecc6723630ab8eda4117fc,,9053852.439619,27011604.43,100502497.03,512626.234253,127514101.46000001
410,0x80b6796d8781c49a6f4f27bff79b5388ddfb278b,,737627.415706,21253395.99,106029228.39,-208552.841729,127282624.38
411,0x2cef0a7f84e722c77b271862da5fe2387028fa20,,684376.776357,25481055.04,101653150.46,18548.541749,127134205.5
412,0x8fb661545816bcb561f280c4501591643c454667,,507773.971409,19389363.61,107562623.25,-18397.738663,126951986.86
413,0x08bed3f9ae9b3db6bf9b5de117e0309e028e7aa4,,2101355.061388,3656013.54,123188585.29,-73805.716096,126844598.83000001
414,0xfc37faf026597474691dca71ed9dcae1a6633b84,,715409.81938,5369849.46,121423445.61,130093.500416,126793295.07
415,0x01c7bf4d597cc6345f7faa4a42fd8b3866cc16a6,,1077950.75267,28579761.37,97842539.94,35136.047442,126422301.31
416,0xce731ca6a46ce54eb47e6f20c5e745d07de2c009,,9525.765266,24730371.71,101090809.74,-54832.982867,125821181.44999999
417,0x434f3e0d9d2e2b880af135a44fe79f786f4a62b0,,2451393.83589,17764351.35,107929344.08,-69705.598532,125693695.43
418,0x603a18f4195875ac98cebc0b4820728580646682,,197130.324684,11874540.74,113757256.44,27482.979176,125631797.17999999
419,0x4c78a97cef589b01bb91dbf893fffa14243d2444,,12068339.395245,14503965.48,110932506.51,241520.355672,125436471.99000001
420,0x7bfee91193d9df2ac0bfe90191d40f23c773c060,,6489439.716491,14925372.94,109977691.41,398653.4803690001,124903064.35
421,0xf3dcaeb909d3d17318c0908a1ec0ca31321e1672,,1032845.857515,31527676.24,93234137.48,112116.288429,124761813.72
422,0x4da577b56741299e2c3fcdfa3ffa41a771b80abe,,3199541.027174,130015.8,124566239.38,520071.97456,124696255.17999999
423,0x5038f3784efb58bb88203cf1ec70fb1baed7268c,,359781.764908,52248079.09,72411840.36,-141218.95,124659919.45
424,0x482b0f4dad512fe086e121882a81e34c374acae4,,2690403.946596,161517.15,124057772.1,722818.886519,124219289.25
425,0x74883f76a1ed9fb1837b98270dc9ef22f903dd09,KrasilkoV,178816.199756,11600049.55,112090182.99999999,19557.896753,123690232.54999998
426,0xbfa82d22492c29edf27669e133da1348ee81da82,,157158.033205,11942583.39,111741475.41,-3318.401035,123684058.8
427,0xf246ea7abc16407115513c5145e242b42424054a,,38819.569454,27098780.82,96424127.27,-135447.021653,123522908.09
428,0x7081423a5a6e805bb152d1bf524de6aa31022f37,,1e-06,6690261.24,116424377.02,30511.350001,123114638.25999999
429,0xae78adaba70f18c15418001263504af373884520,,1590550.852677,13768209.59,108180860.69,178258.802908,121949070.28
430,0xb676a78f19227ffe9a97db93263fce675e547dbf,,152185.96948,18122531.48,103460284.64,-125403.919982,121582816.12
431,0x2ab3da753851e34ad23a4f155d1196ec8d09c9d4,,1822258.02728,19143947.72,102208514.11,524746.478747,121352461.83
432,0x53f81d22b16ff1718ab8ee52bff0592685325f92,,551454.119738,36000446.07,85049647.58,56862.620394,121050093.65
433,0xc1e7b0174bd771b9b9a106fce446f652a6ae0034,BonkGuyJr.,1043.41188,0.0,120848322.72,372578.515379,120848322.72
434,0x767a1e1f1796b9c8def2f1e8ed08a7596e930ace,,638256.562683,34158911.86,86613543.73,554581.641591,120772455.59
435,0xbf2a12006918a9118368910b047291e440c2d457,,56816.677253,18480627.66,102290257.37,9653.045102,120770885.03
436,0x801ff26528d5bd804026a7c26a10794848316083,,42150.022139,52468857.89,67980058.13,4502.892139,120448916.02
437,0x0f859756ab0f1655ca61b32d21f6cf9ec2b998dc,,858515.626382,25474385.6,94920159.14,684480.633374,120394544.74000001
438,0x68cb35e95909795be5bddfadc768e95839f02d1e,,300374.006945,20944875.76,99006169.99,30780.827499,119951045.75
439,0xb322c1b811eaf8b3840133a2fc936f4c7185d51f,,1018604.407974,7282162.66,112432233.58,-435715.733277,119714396.24
440,0x0f2d2422e5a4c2af59f9c82defd4d8150223c9cd,,0.0,0.0,119540402.86,195366.689999,119540402.86
441,0x57d2174150cd858d46748dd9e443640c0c7e456c,,53701.066007,35253935.89,84252246.98,-119922.144242,119506182.87
442,0x77435010f5e34e2fa04f5ce7d49e57a8bd8de4fe,,2323484.237228,17825644.21,101592889.04,352658.932115,119418533.25
443,0x7762fcb94de07d204f7ca43e2c645d4f126477f0,,215596.937708,11478921.42,107677112.85,28942.206328,119156034.27
444,0xa6181aac4474b43c3ca575ac8b1ad17643ec20b8,,1993964.199101,0.0,118803808.57,-2403.672721,118803808.57
445,0x939f95036d2e7b6d7419ec072bf9d967352204d2,,8361239.174914,36361745.09,81940170.61,267225.819564,118301915.7
446,0x2f58adc8b81f51b02acf65eff40d9f5bbb88bc9e,,711661.227711,35315902.62,82933366.73,467685.951751,118249269.35
447,0x5adcd7801b0f3c3aa0c2d429dc2ed607d9c5f2e5,,9560.195323,10602598.19,107492625.91,-107061.297736,118095224.1
448,0xe09726ff25f5001f37b15049f54116cb83d7d0fe,,5898507.695965,21737618.43,96188768.19,871344.488885,117926386.62
449,0xdafc555a97b358bc09fccf4c0e583c1ec5838b16,Prison Su Zhu,2780140.64686,32319365.1,84738730.86,552343.093984,117058095.96000001
450,0xd223626a37fdd7f3aa0727edebcf1b94d2e5ae69,,1224539.433643,17528975.91,99276671.63,257062.435765,116805647.53999999
451,0x1d30f3dc2891f6dddb4a4485f2b6276abaa2da39,,318322.681273,52172902.18,64449969.93,112422.650608,116622872.11
452,0xef6985b07e44c98d640b6aeb15c0a25a86a800b7,,91126.482346,2052526.57,114254786.07,-93888.21302,116307312.63999999
453,0x65a093e4f2ee1063ea9d97f4bc30453b3dce23af,,5320941.005595,18493846.35,97759081.85,-168700.753729,116252928.19999999
454,0x28473085ba4aa761eb541914f50a75dd685cd47b,,2622059.551663,13308656.59,102613050.19,-51561.429049,115921706.78
455,0x3c66b4d46004afaf5a8a1ab7399c1f5aff89eab6,,1076041.630834,43028510.33,72796467.42,57826.805813,115824977.75
456,0x5b0fcee15b0cc3ec8d3174b23e2cb10fdc5bbc78,,214068.058814,43019698.63,72799675.93,-122960.571186,115819374.56
457,0x7ab12f7a0925ef24927343d47199e75a91fc78aa,,235199.012655,25391931.23,89703245.0,6617.725024,115095176.23
458,0x51f63885534cb494f4592a0311551f369bff2b39,,3078004.19714,22596186.18,92352431.48,-1251079.260148,114948617.66
459,0x509adaa1f4c97d1c437bd6ecb9580eceb79c2314,,716513.987276,14002905.65,100756951.94,65947.91594,114759857.59
460,0x8be0b9c4dbfb90f47fb94e8968dce08d3152326c,,320415.22099,5373038.94,109340141.49,-333819.305623,114713180.42999999
461,0xdec7b62e80b7ddf7e0286c82a3e86e50a43474a1,,9758.473921,7318673.75,107335988.36,-50489.516079,114654662.11
462,0x6daec5ff434924e0839358e710e6ae5f158590de,,553244.383283,25296059.98,89295486.42,184790.028632,114591546.4
463,0x6e1d9ac48f065dd02997e5da3f0e2dfd9687cb9f,,36963.381811,30702772.3,83408325.37,-11400.475031,114111097.67
464,0xf8b5bde5f6aa989c01754931e077e1e5a915e2bb,,689016.069382,17551851.38,96437870.0,-104510.494379,113989721.38
465,0x75ec3ba266176e733f1b1fdaa15052f5eff724b8,,2686385.621575,7575548.96,106331370.73,-70995.492382,113906919.69
466,0x3f8b692acde47c4584df160ab428120ebb3a707b,,140981.937857,8829023.14,104876419.39,-37242.523604,113705442.53
467,0x52b1b41d1492608400e9ff89078f8cbabb959b32,,41180.838825,27727211.7,85881505.7,55046.190784,113608717.4
468,0x27190bf5d6b70f4116d7bafb968582c691f68c20,,49007.194571,56716674.04,56890753.54,-102582.745429,113607427.58
469,0x59e1120978c195657798a6d789d388d5cb59107e,,27942.395439,3235431.61,109705530.98,-106006.06244,112940962.59
470,0xab5e6f394951c28ab1873007e373202689cdbec3,,4204771.367294,34518689.74,77624715.92,108684.15148,112143405.66
471,0xf5a523b171032c060d49c39fbf2e9bec473e1286,,3541716.2574299998,10980841.21,101087098.78,132832.46631,112067939.99000001
472,0x70b1b4016b9f875d798c75f4d2c5e8d30787c187,,212771.737436,14570711.26,96625478.12,-705142.030421,111196189.38000001
473,0x583bc1459ad20ff59aef8ee40fac9c6246c7803f,,246740.399629,28098797.51,82926525.2,-85152.547939,111025322.71000001
474,0x0c0ed9bc814b9b5089cb70dd75de844718e78a4d,,1338797.16859,11156440.77,99504959.81,612438.490182,110661400.58
475,0x4a84f5a6e336b4f90c417c981d88c04fbeefa262,,389132.662721,30969088.34,79661602.07,416378.119198,110630690.41
476,0x44b398bf3305ce9faddda0c812e931cf4ad17ec6,,70917.853721,33444238.03,77151491.59,-252392.1823,110595729.62
477,0x684c11fc0db0a657bf8f5bc67eca999c6dd835d1,,783711.637204,2946795.6,107356172.59,-203372.850667,110302968.19
478,0x88c8df8de727854bff379745b22344957c7cc104,,136439.5224,32123680.71,77302491.6,59792.307089,109426172.31
479,0xd84a7719fc50c2f5d4422e2c138d63b879ccc8a5,,944722.899815,19510068.55,89817476.55,72883.616017,109327545.1
480,0x45690ccf6d26f92a3727d5d05b8aa84795d8a6f9,,212.726195,9045.4,109253616.17,-74766.034388,109262661.57000001
481,0xe383e214bd4b32a9ef9cf688ee98976b57f6c9c6,,84028.464904,10979626.05,98040462.59,-3350.67788,109020088.64
482,0x0fffab764a78d2cf36a9f6079ad0e8361fa2eb94,,96113.539271,18400456.89,90575717.87,-37807.690066,108976174.76
483,0x6b2abcc47f1792d4b603c9cb8eded2b0c018324c,,8540.333316,3489475.0599999996,105411141.09,-89320.296984,108900616.15
484,0xee48455200208f7406571baf87ee89bc8fba6be1,,0.002111,0.0,108407623.09,32969.457242,108407623.09
485,0x9c68cd0568eb47bad36ecd8090e6c1d1396a7783,,1139009.168514,13551932.68,94816232.79,89399.966407,108368165.47
486,0xfb941d2344b72ea9101400392b818173772d0ddf,RTB 2,14085586.086172,21605982.15,86189069.1,876794.263135,107795051.25
487,0x451efc57f63a594855762d574237bf662111fb95,,435559.358342,36159579.01,71555582.53,-1344.68314,107715161.53999999
488,0x4044570e13b5184f7eb2709de25a4eb766a4794c,,4832410.912813,26534944.1,80744428.44,1061421.002909,107279372.53999999
489,0x1a27499553b12458fa1e0f22860bc99c4a2f5efb,,0.707753,0.0,107002960.9,-191509.158848,107002960.9
490,0xe986b8e58b5870dca58700c23b5303f20f6823a7,,73790.386948,10017541.15,96958933.3,-12070.261374,106976474.45
491,0xe4b3936f5594f8d5b352dd3540622f995d04f543,,0.009548,0.0,106623213.27,763226.799546,106623213.27
492,0xc3d101ae37bba62baf199c6d5e5d8f0eecfd200e,,114643.55997,33210205.91,73302020.43,45404.893046,106512226.34
493,0xdd7a372377fc633f74ab6e20963803d52f448830,,5498362.297416,33449012.53,72751685.24,343056.515515,106200697.77
494,0x41bca54411cfcdc53f2dd64abee160fba8459c43,,94537.006747,20918543.21,85219399.49,-8734.56546,106137942.69999999
495,0x3cb96d6601635037071ab1e909bb6949470f1b70,,1184900.709845,36804411.39,69006668.97,169812.798613,105811080.36
496,0x3ed4033676d0bdb3938728ca4ac673d00e74bd06,,0.02941,0.0,105487258.26,-757859.884188,105487258.26
497,0x8ce442074efdd4c7ff68af7d4fa3606f2b255987,,143141.072437,36328002.38,69060269.24,-20945.316168,105388271.62
498,0xb6ca5d1ed0ca4bf8444c9dee2d068a9f4c5e2e92,,4225502.229741,9803111.44,95456433.08,-9555.536995,105259544.52
499,0x6d9532075ffdde66c7ed1b0f55b46227295dff14,,1839.490522,16950650.71,87984150.88,-97572.393634,104934801.59
500,0x05d95d21b9680b1ceab8fb1f1509fee72ca6d6a9,,238173.825464,13717204.09,91022533.03,63151.489421,104739737.12
501,0x5875d72130981b18692a3d29545e4038f7eb0c38,,136201.595732,24688887.84,79963803.88,-196000.046424,104652691.72
502,0x0dad16bc8a7e3312b186bcc99c28718161c98ba1,,983107.5048819999,13502204.84,91123347.06,-164738.802889,104625551.9
503,0x9b58213333765a0f3a417b189b417346dd5e2783,,2958.155024,7703433.66,96840372.1,-35974.790826,104543805.75999999
504,0x308fd47d492cf32d0f504c2a3e82bc25583b455b,,1563225.626687,22279653.86,82208399.71,401472.903031,104488053.57
505,0xc94285029b3a5efaad09fe55e36320e6fbf82bf6,,908659.970619,2417663.33,102064904.7,-319177.750158,104482568.03
506,0xa484d255f4a7a574e8973bb39900e03f65544a4e,,680503.633473,22006551.78,82181847.93,-68945.938787,104188399.71000001
507,0x9ed75f3800d959c335c4428dfe8dad82ebd1b349,,403153.320957,0.0,103736308.36,-21136.571224,103736308.36
508,0xabf68ea28e2522726f53b6413b87ef7067fdf21a,,0.0,0.0,103356546.79,-963667.642254,103356546.79
509,0x70e76e7453af3beaf1b271dd6ebe6b0b3508f3c8,,33798.273845,51610804.47,51610804.47,-180555.506155,103221608.94
510,0xe18841048abece66a04643582adb1998ed09c7b8,,350671.729738,15571006.53,87510654.4,117381.424152,103081660.93
511,0xe310623f7c93a4a396faed2a4f168f682744d444,,784875.892147,19044969.49,83964834.3,107785.104588,103009803.78999999
512,0x73588c0a7079c4243810c44dc4eac8ea118f5516,,32834.286634,32350914.22,70608977.68,-31328.655907,102959891.9
513,0xd58c2f5be892836b38241ba554078928a78a2d11,,170453.447654,409312.44,101974489.98,-17141.783767,102383802.42
514,0x30a7a78ada9aaada13ef7290ce2d18554c9cbd80,,128818.195242,7460889.53,94237234.34,-345767.404453,101698123.87
515,0x81196517de1d77ebc8a1951c3ea1a103e732479c,infinitefield.xyz,3391325.0487089995,18037354.12,83480877.57000001,192482.431285,101518231.69000001
516,0x9264781948fa2827da22ccdbdcb1af877c7df465,,133009.326417,10014045.82,91185334.96,34004.107393,101199380.78
517,0x213f6841fd201f470c9f047765b38b0aa5dba7cc,,50476.082131,39264288.5,61914868.38,526.342131,101179156.88
518,0x9b49efbef16858dedfe424473832436128367118,,0.006172,0.0,100872971.81,-112236.33216,100872971.81
519,0x52e6c32f0eb44f707e9c159052fc5039fc7b7725,,318697.401212,22495581.16,78326646.81,-94933.602492,100822227.97
520,0x1b232b41b0e75550c59288b99874e4a8142fbe21,,95468.945892,25815610.12,74808809.74,-845620.232023,100624419.86
521,0x94b60c2a5db13689bb06a73657ac1216424de5b3,,365345.80787,23906444.39,76533383.55,-48920.716879,100439827.94
522,0x1e8c5c1e556d2076ea1ae3ad5842732f1193e9e3,,1021948.567462,6839384.94,93573354.26,20546.448061,100412739.2
523,0x646be0d5f96edd60d9933c4646b5d3ac165001dc,,860225.103617,40673727.28,59677133.61,-699795.645073,100350860.89
524,0x98399de6ca852dd8b7dd21225a32c28c95574b25,,199216.789286,25585001.69,74410484.51,47990.4976,99995486.2
525,0x513b8629fe877bb581bf244e326a047b249c4ff1,,202634.288294,14394488.32,85518342.16,-48020.193937,99912830.47999999
526,0x35c5c21decc15b99b9af370b3e97fd8e213bd29d,,246980.54759,23674266.38,76171358.97,-98926.871498,99845625.35
527,0xb371766bcdcd556ce6b6cf164be6019d01441042,,41875.599063,13464270.36,86009353.75,-82013.192405,99473624.11
528,0xd58097a67e91cd410d0fda4ad7db2618c917fe30,,45999.918728,264966.47,98904671.99,-49205.345082,99169638.46
529,0xb3914cddd33aea378439918792126c95c5ee009b,,149320.883546,23900603.939999998,74625434.96000001,1794.465743,98526038.9
530,0x6e5cdf7be2883c31a7657350ddf997cbfb1addff,,8638.857372,43230523.79,54763048.11,-24360.132628,97993571.9
531,0xcecf774b031d6c1c1f8e4ec003979ee1dfabc7de,,32830.199284,20523951.6,77279280.83,-82970.904288,97803232.43
532,0x64702807a1f0f9888ea22b858099d7f481227b55,shibalsekki2,2826574.323983,14645455.1,82787482.24,414391.892089,97432937.33999999
533,0x98eadc9dc42156f68cbf7d007d084bbf142bc0e3,,263754.732084,21467708.51,75778858.72,25315.30129,97246567.23
534,0xa8e6169a420de334ee4f3415c7ba998b6b472f6d,,256530.466814,43458380.87,53753713.36,15787.596814,97212094.22999999
535,0xf7c8f36f76175b7742da42c8b714a4d8331b7260,,992621.1203460001,17022437.76,80066190.27,58654.149708,97088628.03
536,0xfea5ba5503f19c6121ea469fa4d5fdeac10039bd,,117334.582114,15906251.35,79961799.02,-57327.356965,95868050.36999999
537,0xd0640fcb1ef5ac385b57701c5ef7030331c8d80b,,581692.414642,11277220.62,84469097.28,57684.945017,95746317.9
538,0xc01b67508210070246baf00adf32a08ee2716e81,,239687.163128,17550199.37,77982340.19,0.0,95532539.56
539,0xfffdc552b772a1f2e33ad9d22e5f5426b1ca77e1,,181915.261559,11806214.47,82882287.05,54690.400702,94688501.52
540,0xfb3c638d33afba1690060996b90943d030e6ae4d,,70175.06784,13896305.16,80283777.72,-1232.514693,94180082.88
541,0x7491180d3e43719bd8a53cdfbef27a1527a1d90f,,1084554.407696,20232201.12,73689454.22,377945.094746,93921655.34
542,0x54dbc1fbf6b1cd59807db61109b1d9eb91fd1a04,,4181052.996884,57978.92,93828673.47,380284.273698,93886652.39
543,0xcbd909bc348c1fa36f0220b7f9ca187c057d7e19,,0.096172,0.0,93800197.37,-426879.24,93800197.37
544,0x418aa6bf98a2b2bc93779f810330d88cde488888,,7298906.028319,17466338.67,75909492.69,-743102.104117,93375831.36
545,0x7817c4100e8e51c147c7b7eac1259abbdf47e7f0,,129699.841815,9324986.7,83776664.18,-97449.614079,93101650.88000001
546,0x8afacaa08de7189d84db9d87b9c21c2f1ac28113,,1569130.104311,11466780.63,81089491.67,55974.067573,92556272.3
547,0xb581d667c53fd8a50bf7ffd817be0e62daa16f4f,,23539735.446276,0.0,92509275.33,-295450.189343,92509275.33
548,0x37c7871665abd5726489445405e66fd245c150b7,,0.0,0.0,92480594.46,-29211.738283,92480594.46
549,0x53069d0367e125510745b6c6af03cd2d428f878a,,201771.225964,44584588.16,47758021.8,119762.275964,92342609.96
550,0x9b422e571eb2cb9837efdc4f9087194d65fb070a,,88370.732278,5623682.71,86579598.35,-361680.257538,92203281.05999999
551,0xf71ab4e4172730ed096b832f37982942935c7215,,183385.406383,10307499.3,81274867.68,102462.888981,91582366.98
552,0xbac2d8e1e3ef8cba378564667be59a2e2d8ed897,,235041.047398,24656488.44,66809174.42,-32952.108602,91465662.86
553,0x994ca87d1da1824a2d2f1a8e4b6ddb70ae48e7f5,,677224.1724040001,13601966.239999998,77494741.93,59603.055764,91096708.17
554,0x378871ce6b920920a65c48e20f8d42bae7bf1ce5,,8099.717859,3332255.48,87597796.67,-120012.888722,90930052.15
555,0xc4ee136107917e4ef2ae08aef468ce5eb55b25fe,,1e-06,18862770.31,71950007.08,-337625.729999,90812777.39
556,0x6741bc2e53e9816213f4e785fad8b971048adba1,,35537.474464,14833554.4,75761682.38,-98544.068809,90595236.78
557,0xd43b1a10407dc62d60091ea5557fdf0b4304239e,,221566.812917,10623451.13,79598416.83,-16198.888302,90221867.96
558,0xb6eb05dacf56befef1552509d386ab7b22fe03a9,,1083.291881,10500955.71,79710487.79,-16050.468119,90211443.5
559,0xa8760cb7e4bc07af8560a2115f6e1b0874ccd243,,144505.013467,33355174.54,56729747.31,44031.320844,90084921.85
560,0x099dae759f35d3a4d83fa805971377bfc8aaed66,,26053.326625,17754146.25,72082475.17,4036.717368,89836621.42
561,0xc1241ade87bc55e23a2213db070db697212ef859,,1563406.868065,6585700.15,83204601.55,230471.940604,89790301.7
562,0x7c36139b64377efa8e57c4ef12c2b33f9351d014,,18300.920384,29223023.63,60513179.8,-15496.749801,89736203.42999999
563,0x7079b5814032c0b02425135f06f32a0084cdf2d2,,561470.983626,12138945.46,77377095.89,62610.633641,89516041.35
564,0xf5b7e374c1c02c711448d5c900952a336a8521ba,,779866.076578,26562987.28,62771385.99,352921.827586,89334373.27000001
565,0x615f9484c8f46ca4fd4d2c0291c42661043a3d87,,778177.061525,15993311.42,73271681.69,-10419.505908,89264993.11
566,0x59629e23c52a0d7c092436870ef2db1dc382ddf8,,3907582.6537,18009854.49,71086855.54,996931.997201,89096710.03
567,0x462e3f2ce774b4dbba10662a2155e4823d4c820f,,16228897.317768,13526895.54,75532258.12,504429.564718,89059153.66
568,0x48b1a8f92e403bc9dc7500b9cbcc4cadf35c7ac0,,664196.722491,17950031.91,70926650.98,20777.373759,88876682.89
569,0xab09b1f92211e828081200fe0390c3d422dbe403,,1329.307958,0.0,88543766.77,-155583.003803,88543766.77
570,0xec7f9f5b31b8f5da6ac6c0973bbd496e16f9df39,,9335556.423019,27193544.74,61302885.68,1081416.536388,88496430.42
571,0xd83989ae5084a9b68ef52393f780249e0e597255,,200704.446235,20442219.25,67959632.89,57227.367664,88401852.14
572,0x95465e180697879cdd127b210c4830a16e3f96e4,,311535.87045,17773105.85,70429913.58,338915.874003,88203019.43
573,0xaf0fdd39e5d92499b0ed9f68693da99c0ec1e92e,,21272744.469522998,13158392.25,74518173.41,2313555.404471,87676565.66
574,0x25833c0e1684182ad2370864c3202fa9a16db87a,,271434.906077,15181551.63,72396017.75,-39600.413466,87577569.38
575,0x2814e4612802066a76a99e8afbcdf1ec44039b08,,18806.580998,3344981.62,84097007.07,-316113.311974,87441988.69
576,0x7d0ccd71a45fc0612c0d3a4308cf0eb6944c7b07,,14546.9135,8715885.31,78677191.03,-144972.290828,87393076.34
577,0x1116b5fcc070945062e8879841c29807db373d0d,,4457845.310444,25129129.57,62205829.17,-253747.937509,87334958.74000001
578,0x757df2c060ec6c7ba898fa6570aa98c1f46294ba,,11735101.196311,23083012.95,64205324.74,1390988.574705,87288337.69
579,0xe2597d4cbf8c4686312fd9c7a04fc233cead57c4,,21318.661678,20861971.37,66293028.58,-5056.294458,87154999.95
580,0x067d8d78c032f1eb982e53063421097d7b064124,,146105.623451,41396793.12,44833830.46,3232.283451,86230623.58
581,0x2d760d867ebebd7da5b0be18fed71b4bcc9610eb,,1429096.62866,6580320.13,79556404.76,-10325.415477,86136724.89
582,0x2137c0f5db95fae5b1f29af50fa1a343e9ccee83,,947575.462824,11040226.2,75045248.51,541218.754854,86085474.71000001
583,0x362ad6209a5e904a5569f69884375809c5781d9f,,892990.193059,0.0,86075475.85,-4564302.164983,86075475.85
584,0x07aa5fbcf73fe9ce5ee42508be7185eeca77e134,,236813.146858,21481140.4,64415630.1,39216.112798,85896770.5
585,0xcff0af3d7de4436a49adac745a2e992d49125c62,,413848.805069,6761733.07,78915169.75,-1289.764318,85676902.82
586,0x427070e33d630b0476bedba5d53db224913eb946,,1033786.912581,15634956.87,69846675.74,292645.121214,85481632.61
587,0x9c8a3a2ee827f24f2428ff2863599c1d7d410d76,,145517.452116,4851293.54,80593907.13,-87836.998939,85445200.67
588,0x84abc08c0ea62e687c370154de1f38ea462f4d37,,9309499.130853,5325875.81,80039479.44,952906.875704,85365355.25
589,0xd21d931890d27b6e7e2e668f27931e17698e90f1,,5632324.301563,1951388.24,82906392.22,1810841.600407,84857780.46
590,0xfdfb306dbff80664bd1f61699089ddead7d7dbb9,,305193.421698,16634434.93,67552317.86,88993.840408,84186752.78999999
591,0xef694e8a4ccd8af1235d9720be918f69399c6ea9,,126132.398267,10474340.98,73675251.96,43327.610286,84149592.94
592,0xbdd383b2ce323f99af55428615b41df3c388e794,,568696.134361,8348425.19,75781423.22,253829.636743,84129848.41
593,0x7e7ec9cbd8f56c4389a6be7e0cc17bbc903deb31,,270365.626053,15066592.33,69052600.64,-55433.032924,84119192.97
594,0xedab6e3998ffddcb354094ffe8ca2a3cff8d3370,,297157.861584,37259443.86,46802507.94,218439.83317,84061951.8
595,0x91f564e80ed5e98eb22fde0857e1a87047f2df13,,445577.399181,22888711.32,60838610.96,379073.800518,83727322.28
596,0xa31441e058492bc7cfffda9aa7623c407ae83a81,,1821161.781807,2292306.94,80898022.86,331952.156247,83190329.8
597,0x8fb5c6f3c336033deeedbb54ad95e96453c9eaa4,,2222017.497349,14646300.959999999,68425081.63,-182768.340321,83071382.58999999
598,0x2885ccc04b810a05edc17de2d722ba6d988315cf,,3329215.249371,1976868.5,81062872.41,-69553.344582,83039740.91
599,0x70acb6c9345edfb47b7563224722cc762d217c51,,263676.428571,28156118.0,54830068.74,-46233.409383,82986186.74000001
600,0xe2af8f54b54dd85978147ec505b63a77bdbde205,,1990809.700439,22444058.88,60522160.05,166699.606764,82966218.92999999
601,0xaa53412d2249fe47c5d2790ab5728b3c564dd265,,2025764.7158,33399543.27,49537724.86,114486.896755,82937268.13
602,0x6b06da993b1f12d82463fec75006913f98499b7c,,1017592.066936,16728756.93,66086607.79,-180465.086753,82815364.72
603,0x3eb6bed67d046fbffb8ada21167e592f3fef5470,,8509497.338794,1619368.1,80987012.8,-987321.989256,82606380.89999999
604,0x41c684cbde3e449cc67c70aacb6132e3eb25b06d,,505222.927814,20213371.53,62358883.7,277814.090725,82572255.23
605,0x92bbd8110393350dda7e9c32089e95af071a9b6f,,6302821.340995,12981694.22,69522216.35,-604820.299185,82503910.57
606,0x0903f51b010c75d921438593d96aaf2f54c36f81,,2.126914,30087901.65,52099988.89,-16175.491044,82187890.53999999
607,0x7a268d439cd9999988ca54b68dff5b2710e8f8ee,,85407.327802,5366061.44,76663508.78,-84707.055624,82029570.22
608,0x20c3c3ce84d349ae85e0a5cf04bd2f7e4989ad2a,,3057.142724,9954372.0,71744822.0,-29764.634704,81699194.0
609,0xcbeca4cdbfd889186f55fc2a1c83ecc70d18ef3b,,39782.185831,3423552.45,78252728.3,-57920.60377,81676280.75
610,0xb5cb6491c30a2e95ddc3fe601851132d5e021bfe,,259080.028671,17985175.27,63521546.64,50634.508176,81506721.91
611,0x12d20c01962ded876994daa3f5dd144ef432f97f,,3050062.286604,12140881.82,68920224.78,-591900.180091,81061106.6
612,0x707c049276cbed4436dc9b63295e94132d37081d,,1753668.151358,13859572.48,67178159.24,143315.35613,81037731.72
613,0x54d67347c9d04c363a05dfeafe3a36a097beb3bc,,116511.377601,8609698.93,72102674.94,64680.036207,80712373.87
614,0x0e52f0081fbd9033d296a8a53bb616d97a3ec657,,23.373569,3647606.79,76831561.4,-257879.293853,80479168.19000001
615,0xe7795fce474d1eafd645a29e799a64f85dc26ba7,,175162.616331,26433059.96,54032689.9,382381.762425,80465749.86
616,0x4c6d679eac539bf7c5a0b7ebd8949ae93b1e5ee9,,23388537.551779,5254565.85,75175316.10000001,1964934.956425,80429881.95
617,0x8ba36dc70901abd54c0b375bd3f73dd1e1109dcf,,27194.343064,21514957.76,58700552.33,-4153.718831,80215510.09
618,0x9bc920b65f5c119bad954214f9ac01b508a3e828,,107767.245641,31605970.58,48572001.18,-142255.488781,80177971.75999999
619,0xe4a84a07013e8a429f954e666411a7b647979dfb,,1506.618343,663880.18,79480529.49,-63589.179722,80144409.67
620,0xa5d705e908dee4a5c54803ffa8cd9502fded5797,,0.801785,30784367.5,49285593.28,-34981.757515,80069960.78
621,0x75afaece8cf2a7974b1e541648923afd9339b3f8,,906292.482631,30460030.08,49456662.92,-94625.814244,79916693.0
622,0x42fd5648cf21c158d15e4f58785760755b3f6623,,3041424.35481,0.0,79641554.44,79039.237605,79641554.44
623,0x4e6b51c5f3e4b74c866e78983d335e9d7339b7d4,,1202577.190347,13315593.1,66249023.65,149936.683091,79564616.75
624,0xaa02a8a38d2c524862b7ec8bab5470f5d004680e,,29441.421177,11265402.46,68249940.26,-640.17569,79515342.72
625,0x7570206ce9891ba4106be650e07ffb94df7ca8ec,,541533.222892,11765254.49,67699458.74000001,34998.774769,79464713.23
626,0x46c95cbcaa53f5a1564180a4c1daa7ac7f04b51d,,273093.075258,22841128.76,56504137.6,10661.807468,79345266.36
627,0xa8fc35304cc62e1d07f4ac5d6c52e2bb2903d4d7,,3306514.788794,1977668.06,76720390.74,-74920.601927,78698058.8
628,0x00897e2d7168165b81558c3cd9257efb007f2410,frog,1443499.160673,18431048.72,59847228.61,139501.601551,78278277.33
629,0x28fb9a9eb2d558c661c349d42eb8cd40fc23ee78,,83962.275324,11213346.39,67054028.24000001,16544.110047,78267374.63000001
630,0x2d1d925f7144a3dd56913eb4bbd011b52dc2a2f3,wish 2 be rich,250239.11474,14635058.72,63627521.5,34930.992683,78262580.22
631,0x1add90cfe379ad9c56c36522a3a4d33e89032671,,195383.864308,19571294.7,58576499.88,-603003.971595,78147794.58
632,0xacbf9fbc58d61bdafd70fd44213fdfe01311f2ab,,1e-06,4045515.12,73952510.61,-201897.523235,77998025.73
633,0x413c2724b62975c18b1415650f998a8f0a67886c,TRUMP PUMP,4358406.310901,1530167.81,76404534.92,154963.19181,77934702.73
634,0x2f9beb4d627ec674e76989e672cac0ab06711118,,1599523.688504,28098175.43,49380148.16,86110.888566,77478323.59
635,0x11c92456a55acd3d04e4ffa5750cea91d3910140,,0.075984,0.0,77351132.22,-727352.070325,77351132.22
636,0x3537de45a5c3b1694b74cbf2e940078bdf4e9a64,,660303.531117,0.0,77276601.85,-128411.32359,77276601.85
637,0x44fdbadba3b71d49ea4e9db0c3e35ee4bac1b4c1,,981107.130429,16443017.9,60342070.29,176359.510429,76785088.19
638,0x0392c0d81934b52f64aa50c2cfbbcf28cd6141b2,,37012.535581,31836813.67,44617015.76,12333.61,76453829.43
639,0x5b676c5b03f38557e6f21257732608d019cec66a,,582130.421154,11616944.9,64829879.78,329305.080277,76446824.68
640,0xbc927e87d072dfac3693846a83fa6922cc6c5f2a,,670781.221696,10907589.43,65341009.980000004,-9529.840934,76248599.41
641,0x680fb3ad5abf98c544df2e651e959933a37e4e1e,,0.000235,0.0,76223340.49,-91453.730279,76223340.49
642,0xc5b592903053e1947c369d2feecbb78061e3676f,,0.268347,0.0,75904224.92,-106429.51,75904224.92
643,0x5c1b55d30981425dbc58dda9caba0171eb44a11d,,1570335.948445,12218974.03,63502767.25,32951.177524,75721741.28
644,0x674cc68b60c8caba5793d613c10d60474b56287e,,86455.952477,0.0,75419813.15,-501.888619,75419813.15
645,0x67ce9065db53067d1b290bf472f3b07f781da104,,0.0,0.0,75412599.89,-121480.129305,75412599.89
646,0x4c226d5a21ae3b9883f98cbda1a3be63e565f308,,610537.06307,11939038.46,63405746.55,-224105.95255,75344785.00999999
647,0x2a0cfbc3fe8359f03b7cc77a977452c210b1d082,,14187.98731,3295506.03,72021832.67,1050.752194,75317338.7
648,0xce19c4c618f7a45deb6573a75197e8a47556bad4,,13186.237855,18956928.96,56306024.28,-11739.835622,75262953.24000001
649,0x1f938808970327b006ab6cd513a9a9ea69cd8cf5,,86570.969317,29855922.57,45285461.85,-36021.531726,75141384.42
650,0xb1e3bd05552290e8122b77ee73d244f4bfaeb750,,178376.680491,6797410.43,68205005.52,-215337.615079,75002415.94999999
651,0x614625453d1580bbade92db9bfe29cb10264727c,,48088.348613,13224887.79,61689703.85,-3695.636455,74914591.64
652,0xe500d9c76993e4f356b698711e53acd0ab98f905,,4960.455254,19381425.12,55242844.26,-8346.175553,74624269.38
653,0xc568587857cc2895a3d83d00a05365ea92c62def,,58060.457018,12184255.58,62418446.47,40365.362135,74602702.05
654,0x6d910bea79aaf318e7170c6fb8318d9c466b2164,"Arigato, Jeffu",69740.024181,22068309.42,52358248.82,26183.260792,74426558.24000001
655,0xd9ce831bbdfa3f3e0d51fff45fb3539db96a8244,,45793.268822,26629025.26,47623469.66,-49892.938256,74252494.92
656,0x154dfbb9a7072a2aea22c32b9868fbc4c8df8b51,Mister Miyagi,80069.316497,323874.48,73708877.96,-89702.88675,74032752.44
657,0x835e5c2a84f9eb62d2a784b1dc0cb51b6fa000b0,,2940.375486,3135145.95,70889266.85,-34002.335146,74024412.8
658,0xab04d040dec929a204298d44701476968b238b69,,2854114.03413,10337111.61,63574289.99,147206.406691,73911401.6
659,0x62edf4fae01255c64496e2241e5da680ac959c1c,,76731.456238,2799636.49,71049169.97,-36521.129008,73848806.46
660,0x3ca146d2692f61746a28fa926dc9d18086ce37c6,,520613.5167570001,14821590.94,59009909.42,-28594.851005,73831500.36
661,0x6faf4312b8b5bb032f76dffe100c52c810f056a0,,0.209265,0.0,73690448.52,-344139.388694,73690448.52
662,0xe6c1ff0d9ad52f6b06d23252caad19e9f2e80211,,0.0,0.0,73645627.55,-68578.48,73645627.55
663,0xcac34f69e47b7652f96dee5b4c75c67e7af910bc,,261945.401582,10840219.54,62772788.94,120351.602923,73613008.47999999
664,0xc1efb67e9d1e5a48297046a67bed332d0f86de54,,246185.186725,15180786.09,58300216.83,1561.942721,73481002.92
665,0xf12474d3dc642f9712d94643477affebeebcd738,,112156.210745,13526283.49,59748261.86,47416.813124,73274545.35
666,0xcbbc60df1f1b062e5ce90715e1400a4acfe3985f,,111483.772162,5900096.89,67297382.37,-278974.57205,73197479.26
667,0x886560066a92ef3091b7394be5b1f6a309c0255f,,254758.970597,14005626.63,59090696.15,173204.270597,73096322.78
668,0xd8a18d40e86a9b938e1df6905912311535886687,,218889.684781,5100100.68,67909892.04,45615.913922,73009992.72
669,0x37e5ee046fb8e9a41e0bf35d2d37fd6f64fdff10,,277735.424939,14393556.07,58488839.75,-528311.485014,72882395.82
670,0x919cf217c525f6ddaeb0ee556dae16d19a93b5a0,,0.0,0.0,72862580.54,-59262.230225,72862580.54
671,0x9757fe365ef60247665e9e312deb6cc8fa04d75c,,746797.469899,13807607.77,58855594.98,72342.34102,72663202.75
672,0xebe3c4e12791eeed4afcce9ab45aa4c0457560df,,103557.214783,4276188.56,68315074.25,-11783.425464,72591262.81
673,0x99f1f11a8106117b245f7a046414d31ed08d2bc6,,889875.3390380001,14610842.56,57463325.08,-2809.544124,72074167.64
674,0x0d7661a7b7a89b40b6db128900557e4f1d1b3789,,465529.73606,21029067.3,50982549.34,14471.277892,72011616.64
675,0x9895ea2d96cb41d03f6efc76def2ae0186254734,,0.000827,18633294.95,53301221.67,33434.700827,71934516.62
676,0x6dc903ab5fe0d286cbef6c5042dd2684b7fd78d7,,1377290.300967,16135866.82,55686965.54,224076.416385,71822832.36
677,0x461cc78cc9ddd66b0778aea759bdf0866a5ad2f2,,3633.479892,134609.66,71686841.67,-214857.291357,71821451.33
678,0x4ee15239a08c7a790b591c509e604bff1dd4bd9c,,533.15771,6082728.37,65660249.74,-63435.761362,71742978.11
679,0x3cc873523becfbb6d2303233f1096398a1e09b23,,8185.495724,22793462.19,48932931.17,-50961.022031,71726393.36
680,0x8923cdff38a43d1fd59d323c35b900047e431bac,Draco,865228.268075,18063813.56,53574811.25,174998.550314,71638624.81
681,0xdf86c7c9069e9bd5bac9d97e21f9aa10f728fb86,,598659.291968,2649873.65,68944970.29,231363.939208,71594843.94000001
682,0x7c4b71c1d8a11ed426f301c372a72e06f528e00b,,6414889.368427,0.0,71574916.93,512612.632187,71574916.93
683,0x53969485d7422b35c7fe5a4025498f9b69268b79,,3792378.641791,0.0,71541153.19,2036089.336257,71541153.19
684,0x15cf9649c5d5f3cde56279c5cef856894110c84f,,91885.873572,23498818.68,48038886.32,-120956.951575,71537705.0
685,0x704c8c855765b4c053cc2dc02b3f318caf2ab732,,202318.981489,9942037.29,61515466.85,-330254.839864,71457504.14
686,0x0f83a7bf2ea16c7d8c90e3aa4ca0c8e58a83c9ea,,307981.650923,16579692.35,54347158.11,-96562.041256,70926850.46
687,0xd77eb0200f9267039216a4f88d9402a7e5b74904,,1570.255111,25768411.62,45146428.89,-17941.83,70914840.51
688,0x5d908c88be270889c0953e7dff1c8e1d699ceea3,,2494736.978043,9197615.18,61489358.86,536266.563728,70686974.03999999
689,0x69906b0ed626ca01a4b7c001e5711e5714ccf207,stuxfred,6695814.891977,7520081.05,63118839.22,434455.506087,70638920.27
690,0x31e60e6f6be0f5a4a2de743be66d3dd312788b48,,4284269.372969,15737447.22,54746884.68,-107939.868932,70484331.9
691,0x9a991732cd4cf14712b07fbeb8c5d87de90dd21a,,3123633.169802,3912254.91,66419781.99,563110.335229,70332036.9
692,0xd9cf8ad3fc50118ba66f6dbecd95e4b44b6583db,,15991.671087,10440966.61,59753404.11,-21638.050499,70194370.72
693,0xa86eb6037c5cb64302aa2b2475a27419f711c355,,19289.489704,16302562.59,53875270.75,-14411.768651,70177833.34
694,0x007c20e5c339015c924735cf76cb092bc5d9bacc,,2923886.34902,4002610.07,66094010.83,-158918.827193,70096620.89999999
695,0xfb2986b5d3e5604a90396e83a1fedebd768c21dd,,230848.983327,10471377.68,59610248.56,81032.379161,70081626.24000001
696,0x1fd440eac75d2b122a974e5ac47c9133018e9081,,993151.956626,33489646.66,36572814.03,-57379.173107,70062460.69
697,0xb798aef79972ce8f73d47b9ebbcda6bbb7ec4fbf,lmlmlm,10958842.405209,11234772.31,58808406.82,967515.595124,70043179.13
698,0x2d891ef03177dd17372c5efecbd80f301d96436b,,1078743.608626,32174007.34,37791822.85,-242564.678316,69965830.19
699,0xd129d392e5db2bb3bd6db5c2580c9634ac570aa6,,15083.823224,1501860.82,68379989.08,-282026.007537,69881849.89999999
700,0xddf038e1f1d2f2e56d846268150f78f0b9cce454,,70592.766688,19721404.45,49468622.64,-2587.785748,69190027.09
701,0x9dcd1f467a6e317241d155a0301dc09e69f12e17,,9.556472,0.0,69084211.3,-206326.548842,69084211.3
702,0xd89815c28cd666d0727ccfffb7310d996d7b1861,,22830.415864,5620204.68,63452037.08,-66780.31927,69072241.75999999
703,0x329c787b163a730bd7900df2beb3ff4fe4670375,,313436.306636,9359608.57,59692091.01,32383.171088,69051699.58
704,0x4e5bb61d1a2e2aa21152ba328399e20f3b9138d8,,16786.180073,0.0,68958657.1,-154443.90282,68958657.1
705,0x78247cd36ae7f8dbd80ebca0b1b68458461ab1dd,,72494.82658,15880166.4,52715855.74,57165.518596,68596022.14
706,0xfe26b6771dc71a336c8616b69ea6953bc9afd13f,,77808.14588,9162466.97,59333882.59,16638.295648,68496349.56
707,0x4ad86b8ff109d9eef9feb873d954d4d0d28fe577,,11004.898621,27925684.5,40515251.57,-4484.851379,68440936.07
708,0x1dc67adaf9f163c5b1a95043addbdfa1af58e512,,112595.45003,12593631.41,55800493.330000006,33958.278775,68394124.74000001
709,0x3bbc8f33175a192b66d859c785648468c72ddb01,,49093.54362,20319512.740000002,48063969.1,-28648.794648,68383481.84
710,0x817c8cc95d732f0413a158cb038d39537698bc80,,912076.567233,15168453.06,53196124.37,109036.427233,68364577.42999999
711,0x73f432da307525b6590c858bf458116322d50d16,,99861.750168,22593538.73,45368378.57,13296.467715,67961917.3
712,0xd260b2216b735277da6771564a01c04856e78321,Tom Riddle,13810693.615598,9535045.83,58394842.38,73063.260342,67929888.21000001
713,0xe4d1fa7e6141f9131345117bdb8b5701bca67662,,798250.698365,12111019.94,55766682.33,383331.318732,67877702.27
714,0x708959c6f60e8a0c283e436e85d81e828fd0ccbb,,34287.321281,7769823.81,60106348.14,-144577.540069,67876171.95
715,0x2b0fb76f2db1c8daf3aaf02562209fbac572cf43,,0.001175,10920155.77,56818234.66,41193.121175,67738390.42999999
716,0x0f22ddd9f89148fd9cf703d8f332fccf911d3549,,375851.915087,17120623.02,50601795.75,215619.762849,67722418.77
717,0x6fc072c0dcc630f23b29f7c42a5c7c739584ebf5,,1.720724,3587476.15,64098177.47,-88097.2,67685653.62
718,0x0db1b7991f448a96b26e3af447cbb500191d8136,,95478.594607,13077282.98,54552595.98,-573.774081,67629878.96
719,0x6f97b7de6be7b7771e975e46bae96c35e332e172,,253857.547073,16980177.77,50515955.58,36388.971649,67496133.35
720,0xdf86e049ab2c55e0ca43800f36bcf4c07c1ad177,,98933.709021,2004576.93,65388917.93,-106557.369206,67393494.86
721,0x67450916a71c4cce8f86e0b43d4dfbd6b5fa8732,,1937554.103515,5066983.84,62273298.21999999,105266.560962,67340282.05999999
722,0x3286cd2bd1b67afbcbb6988bebd50229120092e1,,1204379.213933,16876093.41,50445247.7,82476.98138,67321341.11
723,0xfa41e63b1cba0b42bed3995b5a696411b5bf820a,,3369966.2945279996,17317655.81,49984954.42,299871.820052,67302610.23
724,0xb28bdcb4c7db9370b73f6dbd57671416a0a57dd6,,798423.3095989999,13399790.14,53886869.279999994,280886.940545,67286659.41999999
725,0x3930c0ed9b28ae9ac4369f30d72072e500c3136a,,30633.871489,25389746.72,41893475.04,-34088.645577,67283221.75999999
726,0x1c4e90fc8bdade442aed58f8011db5a17a2e7199,,418277.001669,19374287.55,47906896.08,62891.234563,67281183.63
727,0x40895394f78cb908b1ef4d9b4472289ece0eb422,,50485.908567,17883171.1,49186278.79,-117277.351433,67069449.89
728,0xf5f81433d1c512a79806fdc58f8d341f5834431d,,46862.238471,13527630.07,53486402.97,-164643.931529,67014033.04
729,0xaad557511c0a41331b4cf9df12a33e15b7edd785,,187563.523383,3598983.12,63349848.57,124962.581572,66948831.69
730,0x35c1336f6ad5fc55d4400733f964073a34d5269b,,137412.232981,7021956.11,59730829.82,128181.712981,66752785.93
731,0xa8d03e0e905645d235f189414aa22e7bb3d4ecb2,,40713.563953,14938924.12,51448031.89,5749.24181,66386956.01
732,0x9bd30e1bf7c4fe28180b01f33f07c7b277fb7026,,90174.399745,13966811.78,52381709.38,-51873.305386,66348521.160000004
733,0x38bdfed8b37b236e8446f9c05b6580439235b9f0,,16107.303162,3229736.56,62947605.63,-29774.468279,66177342.190000005
734,0x69c81f39d66895328ad7e94ad8ec3cf4c0da0b52,,32672.089472,10057463.46,55931657.34,-138028.226273,65989120.800000004
735,0x54a32cfd7930228d0c0ee592242acca4de3e15c2,,17227.442488,15710121.95,50237500.96,-5954.519619,65947622.91
736,0x0d50ae451f12b6af1b110a82b32efcc05ec21014,,67422.108319,1862462.89,63918450.06,18675.838045,65780912.95
737,0x047f3853f3d89e5a61344749519de7a66fd4f9c4,,763793.9551690001,5791264.3100000005,59886945.03,164801.258922,65678209.34
738,0xa96e8f0b9e6592b77d567c712beac79f956a2d7d,,1084920.411882,8216724.36,57279180.17,35277.606023,65495904.53
739,0xd2ccf2ebc5be12ef15235ed6dd70d3ec84859541,,728101.161108,8742962.55,56745711.32,138006.910573,65488673.870000005
740,0x8cc94dc843e1ea7a19805e0cca43001123512b6a,,10613668.281804,10939028.61,54437806.46,-2466250.467688,65376835.07
741,0x668cec05549105e5b05bcc779a43186735d7ea2e,,5682811.561944,10202441.67,54994294.86,602264.124993,65196736.53
742,0x69369ad76474577121293fcf015a4c90e49b9417,,400991.197151,30356525.54,34711877.33,-19077.802849,65068402.87
743,0x0748e296e5a350ec36c8487a1cea406e1b57d4b2,,6093631.753583,14066048.33,50861233.49,1002189.1158500001,64927281.82
744,0x8d8ea21e12b0eba630ff43c267c246f57d15c8a4,,232310.15734,9197654.59,55729145.2,13354.872936,64926799.79000001
745,0x306fbb79f078f996d81528ddb050f71db1e6cdd5,,56462.157867,15660856.63,49196770.42,-36601.527482,64857627.050000004
746,0x6d092dd825d74303114eae27988bc5ce029b957d,,4.634037,0.0,64808188.19,436624.497752,64808188.19
747,0x2dfcf6a23a2717f131b6252b5e06ada96c486fe4,,48722.384113,17171645.62,47613448.52,-27388.340211,64785094.14
748,0x4a20b9496610941053858bd0b7e92493f44c3c26,,11537354.258708,3620096.43,61096905.0,2044009.749732,64717001.43
749,0xea0f7492ac4c6949cb22b5d65250e701084a4e73,,534039.324062,21611237.78,43021590.94,442940.199918,64632828.72
750,0x3dc908374e11623d8eb9f07dfc7a2e5e803a54b0,,29909073.545891,2127237.66,62461444.7,-4302413.358925,64588682.36
751,0xa52ac093d552f673e41a73e4b87256dec9e407ea,,123032.54604,11063296.44,53500942.42,5762.643946,64564238.86
752,0x20b533defba689b6146a5c49250a59f2dbc75681,,85052.94634,1768831.26,62676537.88,0.0,64445369.14
753,0xd65ac35cd234c8718b876ab304fa56c8995e387f,,1336754.972317,8525913.45,55596439.56,40437.839029,64122353.010000005
754,0x4ed7402f8e7e9ca685d24997360d656695836bde,,135541.748175,12307105.55,51755067.44,71886.048074,64062172.989999995
755,0xe9ec1d90652e13521623fb048f1c77883c597859,,949876.038668,3311916.34,60737857.2,-34918.29347,64049773.54000001
756,0x30428a743e2a2f8d1c3fea017e0d76440435fa8d,,111574.656759,4112379.07,59883252.63999999,-279758.801471,63995631.70999999
757,0xd4acc97119beaa3c32a878095f7231cd36d84470,,36589.708894,7029802.42,56876887.12,11470.544798,63906689.54
758,0x9056a094911e36e7b69d406eb1fda976d6b72366,,0.009867,0.0,63620760.7,16102.116588,63620760.7
759,0x9bf9d46627c21fe2a35df37b1f0c417fa2088b13,,893097.053634,21425721.53,42186275.02,-85634.972322,63611996.550000004
760,0x9c062c0575c30a3b7614d0c6ea8de67faab00560,,3486258.013424,7980168.37,55501091.29,-155518.015706,63481259.66
761,0x4829f3bbd5508707339547ebefface2b4c86d3b5,,273117.380606,14077756.67,49241485.77,-28032.397295,63319242.440000005
762,0xa7da476783090e6bcad1643ac5a0f31ddb84204b,,1351264.767424,6185365.43,57086588.74,-410851.37152,63271954.17
763,0x29998ebd5be758fdaa06f0ef48d6c890978b65de,,30810.112443,5084150.69,58182762.04,85621.099596,63266912.73
764,0xc8d8b8be27e8ee0eb860638b52b004e55f4131ab,,288237.777029,12719662.87,50337189.0,3531.571676,63056851.87
765,0x784c4e0857656bd44ece6d168770b5bab62676bb,,2.521892,0.0,63023503.65,-109185.544858,63023503.65
766,0x29de2668d0c8a5879ebb2f6afbec1c6f485a3e93,,5504914.184335,415988.06,62456409.02,-233179.149596,62872397.080000006
767,0xeb9391195e31aee7bd1d4a33afc36acb67b5b3ec,,122174.882201,11718707.26,51111106.92,58381.668068,62829814.18
768,0xb4f1d3e5153599cd9f59c686dbee4262ac87d75c,,240272.362706,12420069.41,50389970.6,18465.374266,62810040.010000005
769,0x1a44a6bc450d233049d629c27792c5309d9ca12d,,1413019.02861,5231778.67,57577329.36,48919.625947,62809108.03
770,0x1f1690074a8744e8d38cdca1ab2b75fafe5d6d07,,2460983.530344,19508139.33,43253746.02,246320.337266,62761885.35
771,0xd7dc4b4ad3a7840f042a46d24b897fbe6ad14cb5,,246748.783354,8399726.02,54156643.98,55933.071698,62556370.0
772,0x38bdc44ad07a7adf2d84a7631259c7b7cea603b1,,167308.700135,4536750.45,57920666.43,28776.403056,62457416.88
773,0xdd97539fe9a912166f037d81dcf35b3f0ce5c610,,943037.016051,340664.14,61942298.02,-163214.76826,62282962.160000004
774,0x7927f49a74a5ea0f7d94414c92ce66c6a3be271b,,211886.101255,16769266.84,45494620.27,150740.774,62263887.11
775,0xa4aac05f092f273e3544039dc5b458a5d222bb6f,,1492328.096783,7236265.8,54920821.66,121132.044313,62157087.45999999
776,0xf71521e7978560424ff72f4e6e1a1c0abdccdaed,,36745423.603413,17130168.41,44963208.36,-39511.84,62093376.769999996
777,0x9c8ceb0cbd5137b268acaf5310e0d921460addc6,,38961.801657,9974669.67,52010841.51,-366.909025,61985511.18
778,0x31f4eaa244f679bcea21cb17dcc430830d06900a,,335473.283585,9275392.32,52637729.14,28257.737218,61913121.46
779,0x456f89aa8d7c4380a80d25df80fa0ed88f3b01ac,,72041.684282,377805.85,61472782.51,-45862.567164,61850588.36
780,0x355463aec046c9256831389233fe3c9db03124f9,,29930.563741,13802923.26,48009500.97,-13989.500286,61812424.23
781,0x1e37a337ed460039d1b15bd3bc489de789768d5e,,13355616.259216,2478938.08,59331135.99,207807.606746,61810074.07
782,0xca4903c207a0df58bf37d4bc8bbc5210726f53c8,,12235285.62411,10228390.95,51570335.95,-1179059.568677,61798726.900000006
783,0xd47587702a91731dc1089b5db0932cf820151a91,,27354541.378526,6613404.779999999,55174454.75,-2490344.035918,61787859.53
784,0x34224d1e43d7e3caeb2b68341037b8f961e7849c,,7910.942881,6186440.91,55581789.51,-73565.306716,61768230.42
785,0xcb3ee3f1b22cdff8b6ca4839cd0784d34b85dea9,,76711.351875,14430304.12,47325725.589999996,105948.60397,61756029.70999999
786,0x65df90bee127f9d5da5095ac9b395d1152002f43,,16169.008831,9322710.45,52410833.12,-184988.591492,61733543.56999999
787,0xda1d57bdedab38c16bf44549b03b4dd3ab15b2f0,,2153290.560278,0.0,61676762.1,2329.737533,61676762.1
788,0x39c3492e9171872eac6a99d9c0b6dbae5d4ae959,,1860468.143394,19877933.68,41784800.89,414507.775297,61662734.57
789,0xf818fa41af44a1b42ba7433f4ec472be40a2c268,,19902695.078036,14665614.710000003,46950693.54,-137982.166262,61616308.25
790,0x522b92bcc19d01fe7585a9823435fe8204bde0e0,,77221.56186,10846221.73,50749851.34,-1171.420642,61596073.07000001
791,0x0963332e449e75e8afb0d3e5308fa22dba5a6fe0,,216536.542002,13127434.07,48428947.19,22317.800453,61556381.26
792,0xe83b5e3644b50e802a25b34b38b91a061a0d3ca8,,4515359.675455,12920950.3,48364780.14,-37699.438522,61285730.44
793,0x3742414cd81791b8b0930fe730370d99f889a81b,,75820.353972,22142175.37,39139532.12,-31486.263601,61281707.489999995
794,0x921a02e7401b71e36751edc3ab652bb8077e05a6,,0.000854,0.0,61225105.35,-977674.824074,61225105.35
795,0x9362ca4dfd6993270b6ebe17116772aac61a7d7c,,168540.129241,19413089.56,41760608.13,12669.064596,61173697.69
796,0x8da15f7e6bf20eae393d0210d0f69ea98fc8ea5e,,53671.335724,5689161.88,55282181.52,-17922.667106,60971343.400000006
797,0x7cb42a9fd91d7f2b506de9205254e41bede28439,,826210.635626,10446318.86,50424146.64,-48866.481771,60870465.5
798,0x3893ad86b711ee70e8931640f1a4f6b2039374e0,,3955304.713798,4196059.56,56361509.33,-307883.913707,60557568.89
799,0x2ea3d93e77641af06826c02f5fc86592a4765afd,,12168.306981,11986358.25,48568130.26,-64217.136358,60554488.51
800,0xc30ee653e460bb24a031736811de2172c5f5888a,,7412.289305,734002.03,59765814.3,-63164.3151,60499816.33
801,0x413042415510b6395667abe224505d0894ae67c9,,47367.158983,9448766.67,51041040.12,-79648.625433,60489806.79
802,0x94cceebb564933e19b6760097ba410dd1b2c2fbc,Lenda123,45311.636373,14188607.61,46261865.41,5524.505878,60450473.019999996
803,0x64f1d8f57dd3623f5cc7e4bf91851380af56636d,,90538.089993,0.0,60443436.9,-815366.284905,60443436.9
804,0x597568694fe6ee1b701ec8578bd57102c9a29abd,,2250788.712218,997627.53,59441565.56,-296751.79327,60439193.09
805,0x71038a3e5fd46ba4ca5edc81339a4d1e9e493104,,6221111.313688,17385966.3,42950893.04,722268.049353,60336859.34
806,0x2171b50becc88d34254c7def78e8e08f9d82887b,,1932351.397164,7233997.79,53067199.91,284125.938869,60301197.699999996
807,0xf855fad4fe75406295fde3a8c6ee766f56dc1b36,,1064.345176,6828372.4,53403355.07,-96406.662435,60231727.47
808,0x5559da6ec434c5723d0ce9c4da7f29e3f8a3d43b,,2559334.437928,3588131.24,56527681.89,-267993.714052,60115813.13
809,0x21535329bebe7387aa349948b839792585d25bc7,,13.542658,4106290.17,55876701.85,-60260.066148,59982992.02
810,0x4a8a68b2ec7c67cbb79060d98157b68c47eba0e6,,327.929524,9314207.95,50667270.13,-35626.163096,59981478.08
811,0x133ad0d58ccff43cab13ca2cc9c751e815478560,,36847.699076,16320312.99,43640361.14,-103106.762571,59960674.13
812,0xdad185b163ff902eab4aeabef5026212b78c1bc2,,390.574932,265211.97,59673764.34,-101834.55763,59938976.31
813,0x511b2c95b2262e42364a64919ab8e584a893b969,,129222.757651,0.0,59885040.47,-11655.235585,59885040.47
814,0x6a02aedceac5a6813d960e4dae1910d9c458e77c,,1171606.806076,3111117.92,56772706.1,187063.374224,59883824.02
815,0x06e0e24afba0de914849c732aa341504e8d25e23,,401304.108771,11242810.15,48638766.95,56044.455875,59881577.1
816,0x725911b83da931a9aec21a02a3f92c7e8fe30e31,,13186.659093,26610612.62,33157024.14,-21394.720907,59767636.760000005
817,0x847a01781b3273615e1c255c3fbf22ef83f3d268,,103.112389,25636235.78,34129005.02,40696.312389,59765240.800000004
818,0x0994519f739cce549a01680c1c4da0b6e62ccf32,,0.001545,0.0,59648989.64,-126745.47,59648989.64
819,0x66a1923c3a9a9da620bed3117cd7ad868f8113af,,89807.091587,17155750.19,42406104.76,46267.786982,59561854.95
820,0x4d4ad89bab4137a0c296d1d3c3609ed78d4fcbd8,,14380.565627,17263169.87,42264791.05,-24445.104394,59527960.92
821,0x2b61e63b11295c0a1dda2875ac3af00669732f6c,,5841625.681925,15470668.94,43832624.54,-99386.540833,59303293.48
822,0xc559753f2fba361d9b77084b7a87d265df900b7f,,417081.674428,11120416.79,47631511.81,-22549.563424,58751928.6
823,0xb4a3349619ff3da514b42bd7a124947aaf2b9210,,197876.53735,5620658.09,53127387.93,692205.228972,58748046.019999996
824,0xa88a254a773741dda044dd89a7eb5339e123306f,,549563.4705859999,6851316.85,51699600.06999999,-54908.19338,58550916.919999994
825,0x953c5152e2f8b5ed9d92976cad478a837749182a,,38026.158818,9179419.66,49315708.49,-90116.791395,58495128.150000006
826,0x24823a7f711a39e93b1a5a556637d9da96620e55,,466685.556569,2470800.26,55933418.12,96155.000487,58404218.379999995
827,0x66b26a0b636b379bfefa421261d3522d0634c5e8,,772.335554,965605.41,57357954.75,-24440.559766,58323560.16
828,0x15e9233b5b42d0b72b1c04a984c1498ee6bbd016,,484705.212813,14499603.28,43421549.39,112931.89024,57921152.67
829,0xea0dc41b684463ec9959559fdb711800e918afa2,,127933.34894,20691228.19,37112630.84,-55874.66106,57803859.03
830,0xe9b0f5794b008b927beb62e3ce1679f81aa80477,,296517.065239,6442645.4,51232069.85,-62744.883259,57674715.25
831,0x44cff1ba3bbc14ce902880c878dec23d950e64b2,,104171.791372,20839486.98,36590782.33,-133313.658628,57430269.31
832,0x843f31e5cd9a6572d235a05cb78ec5ac2ffcc24f,,719776.869775,9240601.85,48047495.44,90673.444938,57288097.29
833,0xb40da15b8cc492fff87d9b1e06bb45769d7e75d9,,2841323.238283,10523008.18,46606246.31,315311.581397,57129254.49
834,0x18505e9009f3b69182f277c8b4137f78dc80650d,,48658.132793,27757106.15,29336196.69,-29123.657207,57093302.84
835,0x17953c083026ba9e55996633d5fc4168e84f8671,,102806.115989,11331664.15,45750062.25,-20825.003949,57081726.4
836,0x8b48164e552e722b682c16626fa6ba1004417d85,,43210.385673,14062058.37,42848593.57,-17998.484329,56910651.94
837,0x4801af178dd07390941931c7e6f82b61a4344a0b,,149954.895074,6368556.2,50523108.7,-28999.679383,56891664.900000006
838,0x84c6e9a85f4be27417837767b55a57a582031acd,,1807.004339,17104928.28,39716419.51,-39173.25987,56821347.79
839,0x2607a3909cee65aa8205ca26f7db2d9244389577,,15593.949016,4369743.63,52345813.03,7087.853498,56715556.660000004
840,0x47e8e9d330cada8c03bef477085cd41f57a9cdc6,,3444.076262,2358524.63,54314771.7,-19391.94253,56673296.330000006
841,0x8f1ec7e0e788ec4386eef8033c9d9523ede0a353,,1895.133888,5660196.43,50963197.2,-33964.721581,56623393.63
842,0x8c94949ef16f7e5711cb1dd1eec44f69bba173b0,,180371.640133,15537659.67,40984801.48,21373.91,56522461.15
843,0xac12cc33dc77cd83a3ece484ba0a8d817a44ce4d,,4915.533119,6676178.73,49809032.38,-34192.100815,56485211.11
844,0xa85dbdf3b549c10362392aedef9e720acd42d4a0,,34506.163355,4919896.3,51488777.82,21753.931611,56408674.12
845,0x833b99b27dac651d02080f5e220e929df891db06,,1313039.119155,6741537.66,49618067.98,-404980.528338,56359605.64
846,0x92624da0d95fa4b73b6ad9331e93726c4dcf83a5,,44658.785277,7941878.440000001,48348596.46999999,58701.397173,56290474.91
847,0x84142e664328547682f0b0b954138c001844385b,,221777.22267,3730236.12,52518861.92,-2998.777877,56249098.04
848,0xf37c76e478bb7a37e382ea3dedfb4e394bec9030,,93167.935747,21112886.03,34975276.59,83568.489014,56088162.620000005
849,0x7ff4d42bfb46d25b7d8b241652271a12d614ea60,,49711.900322,1210487.96,54832462.62,3888.549943,56042950.58
850,0x3c3a43c5661c9965791d7bc438c968555ee03fbd,,26765.292391,8724052.32,47033685.18,-30438.979156,55757737.5
851,0x90b5e0c5ca3b0c0c47b575b0f62c07eb8b39b010,,1740.225429,0.0,55729677.24,-386452.370327,55729677.24
852,0x18257da38ebe7b1d4807732ea980b907298693fc,,53438.755935,9784921.9,45832725.27,51308.607363,55617647.17
853,0x3b11267dfc4b9ebe8427e8f557056b4b6ce98112,,398520.552271,0.0,55566555.23,-365328.056368,55566555.23
854,0x2d3cec40e07c070d782ad532f4fac078bac04abf,,976.02428,6872993.89,48597610.91,-27587.029997,55470604.8
855,0xf7bfa3a7067624b913381f39c1e21ad9aeacf123,,37401.555037,27191418.24,28172071.5,1918.275037,55363489.739999995
856,0xd620aadabaa20d2af700853c4504028cba7c3333,,2902441.179141,11471516.61,43886159.2,-6746.745327,55357675.81
857,0x1581599bc97a901cbb88ac7ef8174e2e996e463b,,331834.99774,16260958.88,39016618.55,130560.374811,55277577.43
858,0xcfe2729438475c5eb9e8e6da6b314a0b9e2d8fb3,,22587504.728098,0.0,55119666.5,4597162.718098,55119666.5
859,0x2edaa9098a66299a7205bc6b75487c8f9ed48731,,245730.523793,10561147.15,44510156.43000001,18467.155475,55071303.580000006
860,0xe056eebc2c7acfc782d47ebe18ad71735480f72a,,269425.459655,9999254.98,44961354.21,36717.195125,54960609.19
861,0x780825f3f0ad6799e304fb843387934c1fa06e70,,858013.596538,2257376.16,52606490.78,20731.971474,54863866.94
862,0x46926d8fad4a36047a73ed7be1cec963c77fef87,,219716.328027,4407984.53,50363591.91,814850.328027,54771576.44
863,0x175bd0e31ea1d99270521e9bf578a0c155b2c824,,3416025.913208,0.0,54735144.78,55688.333827,54735144.78
864,0xb59668425a444c3d26c51097579d7d6cc4fc6e33,,89146.534076,13289296.81,41367699.65,40871.534076,54656996.46
865,0xc08fa23baa3a5282b27c8b1358b7e941f77fb20e,,455126.404614,8417681.35,46199329.6,120751.538668,54617010.95
866,0x728aad5445e7a1727b67b5b30aa153f5851ae274,,233056.606753,17639514.02,36682844.74,5917.987568,54322358.760000005
867,0x039bb8043e44f5d3f34bca1e927869d59e6fc61d,,95353.457687,10543405.24,43640562.88,-204646.701322,54183968.120000005
868,0xcf5303ab146d523a0e3dd51ae87b7788e051b70f,,98800.811344,2323934.95,51672666.96,43632.425967,53996601.910000004
869,0xef69263e06b3fad2c9891e96227e629a85f4664b,,34740.506496,0.0,53810244.68,-47666.72,53810244.68
870,0xa0b31efd7c2b988efb0fedad43144a621ee96839,,1103245.713574,13303955.39,40427722.34,110900.446055,53731677.730000004
871,0x2bf8f06adc558fb713fa2ccc221c9bcc72dbf75d,,20811.74655,7194391.22,46528250.49,-198646.321491,53722641.71
872,0xdb59717dab07e676cb598f29228b00b8fb9d917e,,33403.222553,1093348.65,52624262.64,16534.0946,53717611.29
873,0x185611e0343c14f53a4406891cb0fdc9e81808ae,LR2,648739.521449,6848780.02,46834944.68,215348.40655,53683724.7
874,0x6c35a2de756de7c91ca3ec9199ad4195ddc8b654,,37152.031761,17405410.07,36141047.1,6875.961761,53546457.17
875,0x563bf0731cf71ad7cea05b9c48a802d8c53e7dc4,thou.hl,3612550.521228,9992604.91,43434028.63,164984.774659,53426633.54000001
876,0xd6b0c00464f42fb593198c4ebd9f9f6fc216d93d,,111603.988322,17782839.35,35548859.81,7529.338322,53331699.160000004
877,0x4c1999784ae77d7f1000c9585ad89c51e4a95327,,45020.316076,22040838.3,31283600.52,-10155.434869,53324438.82
878,0xee90886e6eb787d6d467f2ee9e06404c18a2e22e,,316928.522163,17430632.709999997,35862140.17,6260.995396,53292772.879999995
879,0xb4a9964201c213af0c9c7f62af561813c9a2f1f7,,8687420.596259,9100049.11,44140346.41,844738.215992,53240395.519999996
880,0xbba0681681815bd70f9075e0235e7997b7b519d9,,4354.312171,14260109.94,38849872.28,-84508.870694,53109982.22
881,0x0252f92ee3f4430ac419fc3e9ae31df718990842,,215246.90905,11552438.4,41556420.97,24055.386812,53108859.37
882,0xd005cd3497b15a6b5b9465b812409ef9447815c2,,123697.260343,135970.39,52930662.17,46798.952778,53066632.56
883,0xae431f74c290f6e65593ebcca21068cf24725200,,14087.94662,0.0,53051375.43,-6145.228321,53051375.43
884,0x5647249079e257329ecb6f46ed41821d3c69e7de,,5569050.804257,8804962.18,44099975.26,-3881088.86454,52904937.44
885,0xcac19662ec88d23fa1c81ac0e8570b0cf2ff26b3,,21570941.878108997,2624117.7,50267096.49,-5596775.321929,52891214.190000005
886,0x70a76e01d542e1fcd8378e7a877b3619d430b977,,52588.692154,20376039.75,32298447.17,11049.73,52674486.92
887,0x5d6f7c1e9f7a7dca19b01edbd59ebb9223356f8a,,729228.451059,2217325.76,50385858.56,57843.035363,52603184.32
888,0x029bf0485e2d10bece043bd6b27caf486ee4acc3,,6811638.945902,14328264.92,37998035.79,0.0,52326300.71
889,0x67ab0e9e3bde49bab8feb9465b9dbc9ff4603ba6,,134694.897794,14353571.15,37855807.65,56769.600957,52209378.8
890,0x8601f24814db0e3d59466fd821a911ee902d26e5,,152725.35564,807171.73,51355303.54,-25708.902844,52162475.269999996
891,0xde997decb56a016aada8f7048b486f98737f9375,,51551.967262,10705218.55,41428372.34,-14923.47,52133590.89
892,0xb663c9b86cad9940a7ecc0d589eefa35fa1e1da0,happyk21,0.122356,0.0,51944297.61,-52873.07,51944297.61
893,0x0ad9e656d9e6211d0ea1c5462342e1fc94cc4cbf,,18631485.982496,5954693.48,45943119.76,1392496.1139,51897813.239999995
894,0x10fa553dadf3f6ca2699be35992d881b2a75f056,,27042.733647,8407472.26,43338052.58,4487.493315,51745524.839999996
895,0x1f368b395de7e0db3ab9b46ef246279df0c3f00f,,117800.471842,24013478.42,27693256.35,-8056.813624,51706734.77
896,0x03f41ea5346172ed884ff4911543af5551de728c,,133618.91924,15960279.19,35721309.28,77493.945098,51681588.47
897,0x6c8031a9eb4415284f3f89c0420f697c87168263,,695587.685806,7734232.88,43874311.64,-2059.502764,51608544.52
898,0x053fa362f5459cf61037d8b554b5cfb055a7a4d3,,15410125.409777,0.0,51524484.54,2278655.393431,51524484.54
899,0x71c783843d014f456ce5440aa339fec387f0f60a,,0.308928,0.0,51340789.51,-1020.496037,51340789.51
900,0xe81309ec9b79309e4d108ae3a92d1aa618cd6d74,,15341257.561105,23435127.2,27823672.09,662970.417407,51258799.29
901,0x05936f6a5ea9abfbfcc690f1a6140d97e80640f9,,162217.488564,7993965.89,43191403.52,-266574.85138,51185369.410000004
902,0x9d92701d3bd1d1f71bdb5d31ed89f81ccac80dad,,17841.928971,0.0,51176533.34,-5028.569217,51176533.34
903,0xb85bf31a9540e631461f295fbe1a3c3d9b8800fd,,1857859.000271,4119991.04,47050048.04,105097.804025,51170039.08
904,0x4a61858959db514e6577d566f47157f2fba70611,,478675.219088,16969732.9,34160269.21,56870.859953,51130002.11
905,0x6ab645ffb20c5ab0d57c2fd218d4c3bd22273cc9,,50393.789638,6880347.56,44166474.16,40413.477838,51046821.72
906,0x04744bc1693b3078c952b0297f12b69aa47b4022,,25297.983516,25373242.82,25630283.74,-8149.576484,51003526.56
907,0xdfd526409007db0d524a62dedaaba7706736d88e,,26339260.358693,4164523.0300000003,46755228.70999999,-1064261.0855049998,50919751.739999995
908,0x468de62cb146c2fc21db315ddff1ce089b1acf6a,,354159.388182,13407259.46,37397069.58,-143581.004042,50804329.04
909,0x4fe260d11bf48ba3a94459771259c910a398ac59,,1364028.1916500004,0.0,50792090.92,373353.672429,50792090.92
910,0xc3be0a633194b23d5ab64186400033b2e6806f6e,,0.83634,1886355.51,48883600.95,-37439.359347,50769956.46
911,0x004edcd40360e293e4cf260d2ebdf8c7076c1bb8,,375549.794007,5305358.32,45442725.49,56819.234234,50748083.81
912,0x6131f8e5d4eb73de6d030bf8e349efcc432eba7b,,37201.67231,17256220.91,33448083.93,-13756.097174,50704304.84
913,0xce75bb6f341975d377e7b68c7638a6f9d52f6885,back_to_back,254351.186692,8727893.88,41951744.21,-38402.495636,50679638.09
914,0x75c3f4a9f37194d42aa141fe5e7b640c48f9dca3,,7982.446397,7603292.26,43007589.96,46769.074454,50610882.22
915,0x905393f6c29aa218f52dd8a4ec8933c0bf71b56e,,1422064.6472,25106186.43,25450628.79,-14906.156196,50556815.22
916,0xde0e9b1a35322a809165d09f0490cca3fa7562e5,,175960.782505,6806216.24,43639913.2,39803.954305,50446129.440000005
917,0x58f0bf4307c61bc7a5fe11e24fe36e64300b0d20,,6202080.307318,6936692.0,43493902.0,1202969.475964,50430594.0
918,0x19e51939ea0528b6bf563097160c5f04504f3923,,134208.292249,15937141.0,34448160.05,-45945.661129,50385301.05
919,0xc6758a779bccee1ef0190dbe8292fdf44076795d,@lecrypcapital,2305856.388981,6969902.36,43271846.27,938684.974149,50241748.63
920,0x939b4de9f69e4392691df82b4df3227856185535,,0.896034,0.0,50203884.85,-77105.393966,50203884.85
921,0x466669f8f1e45c216517244775c932b70327df9e,,797401.761193,19010617.66,30898728.81,62742.712689,49909346.47
922,0xb8ba0eb0d5689cd3d46fc004111633395f06d2e4,,171088.132814,3919630.05,45898254.85,141301.582445,49817884.9
923,0x5e611235bf828472269ae002e2cf0e00b3e7ab49,,15605.736289,11756545.73,38041776.06,-27845.927402,49798321.79000001
924,0x585d2e1dc309e196fc609dfd9f71af66c862394e,,43962.939448,7430065.06,42265223.98,-93310.022588,49695289.04
925,0xeb603a9c1b29f14ad3bc11beee6af422de1c719e,,7406.918543,7940888.15,41752366.15,-23084.199714,49693254.3
926,0xdd9f274410c8c704bdbb599dce6c4fb34be4f50a,,9127.959493,0.0,49624066.54,-1624744.678953,49624066.54
927,0x6311c7025ac2085cf1f4d3451987b38105971c07,,54897.588814,6342044.95,43253182.69,-28636.01323,49595227.64
928,0xea1d1c461fa640de9395bb27a4caa0b7305a9a6b,,31863.589656,22442214.73,27108412.4,-463.720534,49550627.129999995
929,0x909838964ee700f6cf3c139efef4df463506f599,,96550.364463,6057928.649999999,43468442.86000001,6529.337356,49526371.510000005
930,0xa67fa81a029b26522b8bf193c6a3f0337ad9f9dc,,111263.633816,9624802.58,39893390.78,26339.870635,49518193.36
931,0x0b6710f8cbd1642c48d4cb358f3353d8618a748d,,71411.522091,14396810.34,35074518.56,45794.780965,49471328.900000006
932,0xb4daad808516667d25a68643976fbf8b084e3fdb,,91743.521854,3429837.85,46005064.03,-95136.181553,49434901.88
933,0xa7372d4a1effa129af3ef0203b792c6440f175fa,,223880.184731,7676064.65,41752673.75,-3968.114033,49428738.4
934,0xc8378d5bd334b984b5ada4e8ee09a49fe4d8d97d,,0.92063,0.0,49278784.08,-6487.956514,49278784.08
935,0x6dbbefad3d24da625fa233c070678ab1938fcd38,,78411.496379,7227528.62,41953775.67,63207.584896,49181304.29
936,0x66929dc2b1e82bd5d1d075e3ef8f04a9d519bce1,,507365.319639,4616491.78,44558845.54,-116107.390265,49175337.32
937,0xe739ef8e160d0ca4fd16e1789dbcf8bf579c8744,,4.7e-05,0.0,49092432.71,-63316.324361,49092432.71
938,0x337e3195856d1cdeb6908b2a192c511f5c18dea0,,5943.790346,14142623.19,34835965.94,-26052.339654,48978589.129999995
939,0x9104f0298be9acefcfcb00ec71c6e6f84b214253,,1.717483,0.0,48931091.13,24878.046523,48931091.13
940,0x27da75821e01dfba4cfe7f650716e5c9acaee327,,4085.00739,1629827.55,47210684.04,-14263.553539,48840511.589999996
941,0x0399976a0e0c504da1c07fedb91c30edfd7e4395,,198088.326217,1680706.73,47155626.22,-60789.207089,48836332.949999996
942,0x3be8c8213b8423e21c43612d5c93cb78400743ea,,748343.038167,4549259.28,44216438.68,210729.153519,48765697.96
943,0xc56c9f147301c5435a15e1c370d2b23e509f0fdf,,24559.741955,4140491.03,44567224.32,-38356.161023,48707715.35
944,0x3d0202e0bb6d8df16f1960329b30151d8b847d6b,,395320.553846,9435422.49,39047887.9,-21028.474482,48483310.39
945,0xf55f10b83bdb21d5f6b7449d4ea3589a8ae30d3a,,272812.214564,4775408.42,43520495.3,-25864.342486,48295903.72
946,0x7724a9e93d82148fafd50a79796be91382575ea5,,97540.520202,0.0,48286722.85,-21689.173659,48286722.85
947,0x1a5d5b58f9358400b5c412a71e7e49c66c7979c1,,190948.952654,6366172.67,41907900.2,76072.047756,48274072.870000005
948,0xdaae2f73f171e1b0a22fdc1c7ef666b77aad5b3d,,489150.348018,5513203.49,42759611.09,-606.711586,48272814.580000006
949,0x40c75d831744818e01c768db25aa093163d34927,,39194.112564,7543185.72,40712107.36,209933.150213,48255293.08
950,0xa483470a50ec3822b510851cc465e29a7106741a,,32289.182745,0.0,48241049.41,10963.495477,48241049.41
951,0x2251d835247ebf3128e71946028f9509f0da18d3,,0.0,5868728.82,42249109.52,119897.7058,48117838.34
952,0x8681a122129fed71fb1500f0aaa9f1c2ded9771c,,0.0,1046385.24,47014255.55,-42577.763245,48060640.79
953,0xe24166173f1e956845a0660c8b26db334dced71a,,735726.381547,2999726.85,45040996.9,269221.408949,48040723.75
954,0xb918bbf81d250a7f1b081b23f76256c71b2a11bc,,22248.364252,19009415.36,28942132.44,-24083.924198,47951547.8
955,0x86fd56406a307badeace15d5d710385eb49dffde,,0.007727,3538441.15,44191814.92,-5730.062065,47730256.07
956,0x3c83dbcda8d9fbefb75181f40d51205648defc7d,,6238129.990281,1002537.55,46716825.59,119965.37389,47719363.14
957,0x66799bc69d7a7daaf50b6aa03cd5c6a2df1a9454,,7823429.664053,9320339.32,38342151.8,287947.841206,47662491.12
958,0xc63a0f0db2c9604283172e83bd035902e0f0a3cd,,13188120.654229,4305085.77,43300028.59,3756535.944711,47605114.36
959,0x64f730101e2d088f8f1d72b83d49c92314e2e02a,,22982.607529,14199784.89,33197612.52,-36780.519009,47397397.41
960,0x82d85dd8990bcffada13d7c4f631b2bbf0aaac01,,254112.227948,4530179.96,42865684.01,18801.379783,47395863.97
961,0xad5455057feac38a2dd2210d0fac0854d1eb6203,,955150.492224,686862.33,46619031.49,98738.351289,47305893.82
962,0xe4f678ee76d26ad2c83e64ed015f62865e06d570,,57339.071384,4611053.83,42645872.11,41421.784787,47256925.94
963,0xf770f371cc66499a89ae56aa84f9506e083f99ea,,612341.680068,5167856.02,42049686.11,76283.848777,47217542.129999995
964,0x0c44471cc8516125ead11e09446302ae20540ed4,,549614.138634,4080656.46,43044855.08,-228902.227088,47125511.54
965,0x1a1df3dab970c679160e78b882023c50672d02c0,,45014.429197,11035933.4,35933998.97,51381.499197,46969932.37
966,0x954b6de2e9c58b0ca7b21e9a048fd0a6cea6f92c,,19286.771543,7392923.34,39509327.49,-23266.681906,46902250.83
967,0xac031db248e1942638b959abd38b1f8ce7cbcbca,,3848832.77723,14683178.34,32189992.04,44577.05,46873170.379999995
968,0xc4a4b980406ccfe75517ef0ad0193a204176fdcc,,626014.487609,3168009.82,43661037.96,31316.50816,46829047.78
969,0x61c4a9107de33e75ed6fe29550ae2cc29ced2264,Gracias El Jefe,60935.765554,19052085.51,27602657.39,-70284.14,46654742.900000006
970,0x218a65e21eddeece7a9df38c6bbdd89f692b7da2,,13782080.298002,16291335.19,30330744.25,-2265551.764358,46622079.44
971,0xb284491bc341d7ed065696e8305602cc1c3bf067,,628771.017085,9128944.18,37465589.82,10848.347831,46594534.0
972,0xbba9353fe5c0405a377cc07b1cddcadf49d40823,,4416.709923,8578337.4,38005007.37,-36437.570077,46583344.769999996
973,0x716ae9684e3c0d57d68e3183247317e7a7696bbc,,0.0,0.0,46564574.05,-55734.27,46564574.05
974,0x8d51fc31f628837f7b734ffc35622c6265ad0a29,,1170.404131,2884177.7,43673863.24,-71452.328301,46558040.940000005
975,0x8a437be94fa5edaa62ecb42e41b1232968f2de53,,24330.526952,1502008.79,44998330.78,-62235.176657,46500339.57
976,0x76736276e599d3f94431ea90ef3517234a9af01e,,61142.787557,10246725.81,36240315.0,23063.719142,46487040.81
977,0x3d89bcea338f35edfaeb313b1c713978c6dceb14,,2957074.00987,3091166.68,43337118.67,-58127.553907,46428285.35
978,0x9ede5d2ea747ad34e75028d276d9b41edd7e10b9,,108.204788,0.0,46389596.86,-54999.212452,46389596.86
979,0x5246fd6b7b62d6028d93151e67b2cae8b5ace531,,87270.126784,11668649.8,34674694.52,28822.489879,46343344.32000001
980,0x35253444b02b147e258ffc8ce81e2b4df3336f34,,297803.826732,9438786.24,36856440.87,68135.368385,46295227.11
981,0xa582c011842e4aa4d3e3578128dd9851c5846a5c,Trying,106664.851177,2305823.66,43908810.02,8053.637311,46214633.68000001
982,0x89c0fee4b7ca37711219092cd1c0d2b4f7af87c1,,2551150.3748999997,11846498.57,34353577.08,760978.763916,46200075.65
983,0x874226b22939904f436ff0434e1fd0ab257c8427,,3219974.032074,12690374.5,33460248.39,-266827.361756,46150622.89
984,0x5675966015ff2e6269b323fda4359f9a3852b08b,,20621.185812,10354808.39,35596245.48,-8901.394189,45951053.87
985,0x16c08fa5f066be951ad1aa2727ef4eee1ccd927a,,63467.636493,7222610.43,38684979.08,6578.869927,45907589.51
986,0x76921b3d2d83fc9842b2f06a0219d2e26705a359,,96300.826425,6256251.87,39645194.91,60150.72,45901446.779999994
987,0x49b61303c97fd07c99f73a53486015e5d371c9a9,,108845.699154,1700347.27,44177815.18,11004.424025,45878162.45
988,0x50782c8a2bd15f653ab9180d146265e9c8dbb618,,1061892.432575,7507557.91,38272423.78000001,85561.66868,45779981.69000001
989,0x4f24303e0af2e4a94abcd516a3c80d38262bde6a,,2210212.734039,15209824.0,30558090.93,125750.768012,45767914.93
990,0x93ec90430f00fe9c32cdd78b08b020bcf45dbf26,,104806.970573,3024943.65,42726684.44,-102930.001427,45751628.089999996
991,0xda411866ef8da115945db1c4987f44cb02c5d3f1,,945886.089348,13642035.82,32043687.7,-553563.200652,45685723.519999996
992,0xd142479997958a4fefd1f8d5373b31ce36987d73,,1647768.36491,3272521.28,42397722.82,-136303.937315,45670244.1
993,0x8fbb98ad84e848a54d39c6fcb875be919bbbd714,ASASAZX,29515.058892,15968633.28,29563904.02,-39159.152255,45532537.3
994,0xaea391e34ce73d90a6944a5a4997d19cdd6e3467,,15050.869153,4077226.67,41443964.85,-35732.675644,45521191.52
995,0xe76fd4b0280512cce263595ef0d7fcbd101941d5,,85972.743508,2530068.4,42976118.09,19461.035425,45506186.49
996,0xdf6097a9e585e3d72556d19fa147562ffef5d3c7,,3396403.077856,9368763.06,36130192.03,375527.389084,45498955.09
997,0x5a520d5ccc1b83565f5e57ed16bc37c9670b88db,,452810.169369,6640736.39,38782846.94,-107736.2816,45423583.33
998,0x392a2db467700b33f15bc9b2df0c730a77d7444e,,22469.858545,794682.49,44618843.92,-28590.673959,45413526.410000004
999,0x144f36e97bde16223962035f219f9047d0f3558c,,15349.482112,5266268.81,40037443.29,-2697.432478,45303712.1
1000,0xfabee32ab2c189c2ff20ac2a83cfd820de7b1d6d,,126564.706986,16764073.62,28423840.75,70553.269089,45187914.37
1001,0xfbd0b7a8f7db0a4961618ebd3ab7ecfef1ce3831,,96500.780649,5052594.56,40081422.89,-32040.907535,45134017.45
1002,0x3e7c16408c6691e0218167cee78bec7ebad03909,,15479.858552,7466978.76,37653554.28,14165.284229,45120533.04
1003,0xc1b052a1d94a6f6c85c97fb1f467584ca6635c4c,,9e-06,0.0,45116806.08,-429767.526027,45116806.08
1004,0xcbe3a5b97e4d438ca2435e40505fd98fc332e4b1,,10013.379748,333938.89,44764652.33,-248310.528072,45098591.22
1005,0xb2662fca65f6446b8b1898340118d44d680a4449,,1954315.217905,10854657.9,34230442.33,379676.521195,45085100.23
1006,0x1261aa209c8fca040870bbb29ab8377fb778c022,,31579.522864,7740437.49,37167310.49,3708.121218,44907747.980000004
1007,0x44cd38994fbf89db3f7fa9465ca4aaa78101f11b,,38024.874998,11018599.92,33795655.91,-10234.977614,44814255.83
1008,0x9e39d6282e4525526f33092c8aad27005e0ea02d,,3082982.254214,9856656.33,34934762.11,169700.440396,44791418.44
1009,0x2b56c07e2f6460859aa8c5f3073f20431de7a30a,,0.0,0.0,44785742.61,-162382.660552,44785742.61
1010,0x089fe537f4b2af55fa990bc64ff4125800bba4f8,,21271648.239005,675468.65,44084371.81,728621.168746,44759840.46
1011,0x52c40cde0b235fe140b89c3441a767ea36bc32fa,,0.018551,10221793.57,34485527.32,147419.918551,44707320.89
1012,0x3895d155b005191686476a39580d43258a518e46,,480557.643143,9329166.91,35363188.980000004,30724.411049,44692355.89
1013,0x4d3980ac9d84fc34adcd025ee2337786846343c4,,13304.656512,2963713.48,41725009.3,-57270.008631,44688722.779999994
1014,0x2851efd660dfaa9abb8fd873db236a526d4c13a1,,286.549302,63969.94,44583921.39,-10368.426484,44647891.33
1015,0xc887b673632dee97c4ebb861a2660cc883d39059,,61408.468201,2013183.23,42624461.1,34358.401647,44637644.33
1016,0x4e2d6465249145cab0a40eaa45ce8f7dc0abb504,,1158592.555012,8830658.17,35775963.09,119616.027453,44606621.260000005
1017,0xd580b86a5db87c623763b058f3a12853bf30acb8,,292230.322138,7295249.12,37242217.77,22193.145857,44537466.89
1018,0x0ebb6fe26ea840b2623a660c8fd4c44e847b4dde,,56666.139179,9112401.79,35372724.74,2742.893993,44485126.53
1019,0x5e4d88da95471279b5d1c438404bde4f59788cb8,,75810.825615,5997351.33,38394593.09,-16713.378237,44391944.42
1020,0x09dde4297acd2ef24c63c8fa45f67a682ec02dd5,,5385.554031,4614754.05,39714213.65,-733.69982,44328967.699999996
1021,0x251643e57e0904726974c4b62037a89d8e6e7853,,76.058554,0.0,44244190.98,-62585.04056,44244190.98
1022,0x7731afffa008a8c6fe8b5219e229a9a389a5799e,,214261.954077,2757452.09,41365724.91,-5633.685693,44123177.0
1023,0x178d245216beb3d7e3e64dce8494b1efe04a9266,,63828.996601,9650327.19,34412157.160000004,13656.091765,44062484.35
1024,0x1ceebac922090aa806a6a7b1cebd269b9aa279c1,,0.0,0.0,43930248.21,10829.164874,43930248.21
1025,0x8519eca5d17f0c92fe064981148e3158d524a857,,174625.802147,15719923.57,28204500.03,-79188.067308,43924423.6
1026,0x960b6c2c4b1498681b8422eb572a8b3a6aa3f0fc,,7376624.023887,16915.56,43833420.63,85817.107538,43850336.190000005
1027,0x60a8c761f39696b3b419f31dcda20b405cb685f6,,27945379.134282,0.0,43820393.29,1017311.73527,43820393.29
1028,0xf124c3bd6544caebbf68824eab8c009b3f448196,,477726.446866,6875351.61,36943763.75,406679.258241,43819115.36
1029,0x9c448d9300990cf8c071e21a99aa5c4b41e4f35c,,88553.875381,3216319.73,40573857.44,-9264.831023,43790177.169999994
1030,0x428babced19064beece58b8a252e3f17aac2a817,,400.099483,0.0,43768669.79,0.0,43768669.79
1031,0x768eb175eb7ebc89077e6f78001798b14d546101,,8903.319458,19323088.55,24445285.41,-34173.617107,43768373.96
1032,0xb69eec8fea0081343c3b09e652ba1fa7dcf7033a,,1858793.151737,6267457.06,37380871.269999996,812284.811038,43648328.33
1033,0x8bb0e5d997a9fd2fc2b9b2a73dd68c70d0d3f97d,,11469.415238,21817789.49,21817789.49,-20157.804762,43635578.98
1034,0x6a84a19edee5c9597c9012c906e1538d0b2cd840,,2033.748108,3319354.71,40181416.89,-19465.996665,43500771.6
1035,0x6f70d3af9cd5152cc0b9b99e44b70fd24316e96f,,191.631963,7270830.67,36101483.17,-13982.20482,43372313.84
1036,0xdc5289909be4f3ce2604806bdd1448fd307f19f5,,297645.905619,5496344.08,37838956.04,79930.81775,43335300.12
1037,0xdaa013055a08ded8c007228a873b7993069a4a04,,25296.37715,9860907.81,33403505.41,-36488.504269,43264413.22
1038,0x1cd295469b3f0c09710049dbb05502c94678b4a8,,21768.738443,8884005.28,34302447.01,-619.599887,43186452.29
1039,0x32a2cb126764c797ed7a8804537b9702c75be7fe,,20510.49434,98734.94,43039384.73,-31679.866251,43138119.669999994
1040,0x7a6d5fc57f6906f337c48fe2763c3a501304f79c,,4100354.929461,7826781.58,35244647.28,1122166.06291,43071428.86
1041,0xe297989243d05b31eb687b2d1888e32212d90a55,HYPERBULL,2446.435169,1454316.99,41615663.54,-18977.125713,43069980.53
1042,0x8fbb1aad00013c4e32bb033337b7cb792ab2fc4e,,1606931.074536,6925360.03,36133272.25,-34199.802492,43058632.28
1043,0x00a73fb6465d2787e7e4513b4aadbd0061735371,,2072.722165,6601198.41,36450188.34,-13619.675079,43051386.75
1044,0xc3bf338a4cab9563b217ae2268193f066f8f9b90,,0.0,0.0,43044281.41,313566.72,43044281.41
1045,0x78207c87bbd95c0f3ec2506d04f04c911f53fc85,,3505.653202,8392536.39,34642002.58,-4859.446066,43034538.97
1046,0xfbd2daa8ca624eff75cdba752a5b918ab23cbc1a,,107931.969799,866674.62,42096501.39,-218471.302373,42963176.01
1047,0xf47c3fe3af62670a1496390e5fe3cfe115aae847,,53629.296657,4102842.85,38824549.02,14701.173181,42927391.870000005
1048,0x6cd6761ddd53bb020c85af2b64b8fa2f65021665,,14449.510933,7234083.29,35653858.92,-39075.489067,42887942.21
1049,0x7260543c767a511dfa146fd3163a36f9f20801b0,,63663.631533,5856381.39,36935403.25,12683.580726,42791784.64
1050,0xc6ac0a48b739f698d52ec2efc0b73609d108f7dd,,1882.90575,7235100.76,35541135.41,-10227.583686,42776236.169999994
1051,0xa243ecc646b1ce99c8c2810b6581cce76ec6f989,,647192.319299,5839152.28,36904212.13,-42928.438733,42743364.410000004
1052,0xa650cbd841d3930df5adc53b9a35422fc558083b,,131080.44144,10642620.44,32097047.16,-48196.100431,42739667.6
1053,0xee0b849f99ada3760ad6844b1f2e61c535b71bc7,,42640.037937,16592196.51,26128286.01,-15726.15804,42720482.52
1054,0x237152b038d88f4156a0cd71090462de7e3f0883,,13261410.895305,0.0,42658202.22,2935268.489416,42658202.22
1055,0x57f2819c959abbcf22623d5ec1d3164b213e9711,jefefefe,1752126.587703,10750522.08,31879703.46,438845.539785,42630225.54
1056,0x3d53a025e74d689cd196f5689b4e488957e7e56d,,222566.268653,5487096.59,37051883.67,-52099.668968,42538980.260000005
1057,0x2efbc15b78a1cf6f778c45eafb91617bdb04eb9c,,130003.690377,9715041.79,32786744.13,44237.53,42501785.92
1058,0xfc0714740c63e72b0a4e5dbd9c3e413ed2df0a24,,133574.249203,5680844.86,36779212.1,-13096.769598,42460056.96
1059,0x1b2ad1743bb86b3af79ddcece14ffbdd11a3f7a6,,2397382.844416,9827718.68,32536353.51,-488451.270878,42364072.19
1060,0x6a0463e35b7ae6fb2822c240df8c5d2d0aa2a776,,61697.777231,2425227.21,39890330.21,-51906.968562,42315557.42
1061,0xa83caf49cdf58d26e1b5383c62fd8e76513bf621,,1006466.776061,975045.78,41318810.18,-35010.261569,42293855.96
1062,0x17cae29fabaa5134dbf449106fbf4bdbef5ade64,,73950.05365,20928.37,42264507.9,-6998.336319,42285436.269999996
1063,0xf0afb3f0a2e63eabe2d55ebe3e05671ebe0c6312,,1674822.895174,10362480.22,31865188.27,-38243.869427,42227668.49
1064,0x357964620189ed90974a4048bb050e7398721e2f,,337604.002132,4118239.73,38034420.95,29020.385049,42152660.68
1065,0x667de7c0a9be1abf20a79c9a1a8927fec0d7d9fd,,37808.499549,12388481.81,29701746.98,-83833.160451,42090228.79
1066,0x38bcd13686f34d9e9332a6641a57492e0a34aeeb,,195972.622248,7143151.69,34932518.52,-11722.312053,42075670.21
1067,0x61fe640c963747df3139ae55f725a10c83ca2a8a,,4000.003636,11023591.41,31039912.04,402.319286,42063503.45
1068,0xa0e7d73ff2a0e1d65705524002774a5346f238cf,,25673.157206,19028773.93,23033153.48,-13816.072794,42061927.41
1069,0x051748895c6ed4fab50828bebe8e62e665134d23,,1457322.254758,11499258.98,30552697.71,-200133.192794,42051956.69
1070,0x816f560829802087c8b7b74b8aa248aae4a5f299,,156247.688371,6999951.86,35004626.38,-5607.621629,42004578.24
1071,0x8327be12a7ecbcdb19415a10b1a474b22603ea7c,,5717.475685,3964865.34,37993971.6,-47487.274988,41958836.94
1072,0x880ac484a1743862989a441d6d867238c7aa311c,x.com/SilkBtc,19656793.858167,1199697.92,40740563.9,3899504.119362,41940261.82
1073,0xf1e2783541c3edbe783c6b89e7cfd493c7894af5,,1602160.966307,3460997.84,38471827.17,169784.219941,41932825.010000005
1074,0x9feae754e9b0721404dfb02ed623065bf697b899,,152020.875018,47281.74,41875517.93,107109.676663,41922799.67
1075,0x8ae4c5b303bc77c3aa68f2b71f37c9fa6d3b3d60,,11275367.638779,4837674.27,37013473.04,1401636.564409,41851147.31
1076,0x68f1c65d362cdec95aaee727eeea2577c6bc3647,,197669.163405,185061.97,41650781.58,-89854.029015,41835843.55
1077,0x109b448727cc4f07d93c808ab740abac600841aa,,720579.396538,4267770.51,37565690.3,380041.955635,41833460.809999995
1078,0x8463d6ffcbfb56bf20ab2e1111f9a0e8359533f2,,516798.022045,7724148.0,34099249.21,438360.860241,41823397.21
1079,0xf5e76a1ffb38f98ff8e20fc9b4b08b0d986bdb49,,25830.040765,12530043.5,29237281.57,3545.324153,41767325.07
1080,0x2e2e76c5e1d91a78ec41672da4640620d88a1c50,,434118.305742,7826499.05,33917307.21,-1376.970598,41743806.26
1081,0x4741fa6810506f7fea3748f762f53a071268f36e,,57065.03994,14025557.66,27717637.85,-32724.84373,41743195.510000005
1082,0x822d79ad86d8cb7a075f02a0db94d0c098a91395,,77938.040943,13809677.29,27906075.36,11182.937739,41715752.65
1083,0xbef250d0a26b385155a5b7a63f0d0a50629fe4a5,,99125.231901,9813668.46,31774260.81,-4469.811656,41587929.269999996
1084,0x3adb0fe3566bc47d891d29bd2c350a0e01734ec7,,0.006703,9827536.08,31731464.9,-21088.405409,41559000.98
1085,0x345359af77917c494f4282f389b534d64e1cb323,,334928.136862,12061730.15,29380997.71,-166365.231246,41442727.86
1086,0xa1ef86dcc8146eaa7aaa4dbd97d9fb2a912752b6,,0.444004,2024972.1,39404493.91,-60246.155181,41429466.01
1087,0x5aa13316231716ea438eb243feabc296a9094b2b,,889551.251338,0.0,41374644.46,418390.612103,41374644.46
1088,0xa61186ef4cc522028546cb79761c4c8dd65c6c3b,,27790.944975,8231191.25,33141897.69,9790.788683,41373088.94
1089,0x8230cf5bc3de7f18889fabdb8e649b3c45ff3650,,500254.926431,4732891.21,36625410.06,110235.687527,41358301.27
1090,0x81d4163289cf61a0eaaac4862cb88ef0f4215c29,,2730283.4603219996,1299001.56,39965868.11,148673.382893,41264869.67
1091,0x38c63f0a1e1de33a45911e3902e74fbbf7bdc058,,12149.70522,5828890.14,35401484.48,-1426.302649,41230374.62
1092,0xfd65235129debccfdbdcfdf8aa96d3e125ec9d10,,377521.513605,3863760.8,37338287.6,188394.616845,41202048.4
1093,0x4ba3979955f52158c0e4e3378b18985475182ce2,,9493788.914201,13049066.05,28112912.450000003,1204484.594686,41161978.5
1094,0x5c42b895c1a7f42fe0f72ed2ba1fe442376fb61d,,329923.276015,3494818.85,37638170.62,78196.437908,41132989.47
1095,0x1700acdd94010de35087b45b601d0e1b90c2697f,,662399.441785,11196029.09,29883604.97,-80889.299919,41079634.06
1096,0x4306bc7b8dd3e6f4e74c69edfe640096367d95dc,,111858.596518,5453929.42,35619946.44,-5115.124214,41073875.86
1097,0xe38b287a1200bc18c15f27a2b2c183156f62f066,,0.0,0.0,41060145.85,491929.74,41060145.85
1098,0xcc5b1fef95f632c4a25f95ad88bfe12f928d04cb,,21902.70475,5509332.36,35409921.4,1625.419094,40919253.76
1099,0x02458e17a59386d7a9f71d4135aebc976f81ba3d,,271319.292747,6158696.82,34733255.58,42496.451308,40891952.4
1100,0x766503808ce42744c142431fdc81f9fbcd6553d3,,23878.434552,12226910.7,28529775.93,4600.911781,40756686.629999995
1101,0x5e0c78f6360514ac1d4ea4ab9a2a232284458e69,,1185627.684505,5754285.15,34990917.410000004,105855.397501,40745202.56
1102,0xe12abfd573ccf92a95d749e1560ffccf3eebecc3,,96511.841373,580886.86,40153678.95,15569.107467,40734565.81
1103,0xf98c691cbcab6dd22a4abea25952c52ac0697038,,28863.162376,12439290.54,28256043.84,-98656.107624,40695334.379999995
1104,0x796c4c2b69adc93592aa7372369d01487ef5a9a3,,119691.941353,13346185.06,27345208.87,-6574.820897,40691393.93
1105,0xfdc3a25155d0d5777a411a0681c7481b920d7cfb,,527084.753018,20330061.9,20330061.9,7307.935998,40660123.8
1106,0x7a833ef6cc97e6c027d5fed9965fdad5ef84d889,,419973.344371,4676566.609999999,35842201.989999995,-13376.869443,40518768.599999994
1107,0xf9b3bf46aece81d006f74920cb4aeb6c5986d49d,,62059.144695,12635647.3,27815203.75,-1784.495305,40450851.05
1108,0x480741c7740ae259351585aa50f7ea22cd4ac478,,604056.046654,7534476.21,32842058.06,-22101.400526,40376534.269999996
1109,0x43f9432048a9874842d9f1f2747e343296983009,,11285.250915,0.0,40358517.61,-183230.820807,40358517.61
1110,0x292dd361e5d6b3b0e1618eee7b1ddea68cb488b8,,587710.298758,6095128.66,34260595.779999994,36600.990531,40355724.44
1111,0xb9ef41ca4647127e32c1e1d8fc0aa3341510e0e3,,3801.04921,3123272.7,37223783.74,-18214.634019,40347056.440000005
1112,0x4ffc5f22770ab6046c8d66dabae3a9cd1e7a03e7,,57469.826207,5559327.44,34728543.79,15607.235338,40287871.23
1113,0xe5289a88c94c2ac15500fff9dcd171c256046f40,,75507.036207,3885481.51,36380061.35,19049.001749,40265542.86
1114,0x9e4df182100f0a72adece4411cca1c782cf9e2b4,,60205.147141,19526944.41,20709506.68,-3157.905234,40236451.09
1115,0x059826bdae5620a99480d428c82d806dfa7787d7,,14373.483034,8128253.87,32073121.87,7882.561138,40201375.74
1116,0x5fc26e197e570bbe9ba522944a1937ba19167802,,233304.629374,10603041.03,29571403.44,68948.025742,40174444.47
1117,0xacb60dc9c34d8698999fe326e1af6113f99d5533,,175304.118347,12407516.91,27764845.12,-781.286999,40172362.03
1118,0x6664201bfaa2c8a9eba60d02ee3932318f3d6293,,55659.46844,10475256.45,29552371.45,48421.910075,40027627.9
1119,0x32b1223d162056db0fb94ab244d1ef821421b95c,,12393.493206,5552590.95,34202804.6,-446371.369946,39755395.550000004
1120,0x59fefc65bead5cd05730f094d56cbaed9ff54550,,53564.447462,1717859.0,37889079.17,-54262.421373,39606938.17
1121,0x12e16e3dc4a4fb3c802be62105f15783eb95f92a,,44566.093124,7829646.09,31762969.31,-12127.938988,39592615.4
1122,0x739ccf4aa388ddade09316f7aee5ed0ec7ae5739,,1177702.768709,9101474.31,30476415.04,162388.49851,39577889.35
1123,0xa6babf41950e6d23523110ae50e5d3b21650ee54,,22717.814668,9391082.469999999,30178887.25,-1579.185332,39569969.72
1124,0x78dc6d769bd7dc3333b3f0acff06d2340562cb61,,0.009145,0.0,39536534.75,132162.779478,39536534.75
1125,0x901e8e185d3af939f9c3ff08e4bb95ee44c0d6d0,,240063.151832,7557324.34,31978632.34,-43208.108179,39535956.68
1126,0x61b6cfd715d70df1b1822763639e75a575a23c12,,121544.199184,149245.14,39233354.18,-74788.023257,39382599.32
1127,0x6c00ba1a0840b99dfb4f6d1bc7a68cd462a21261,,2245714.261983,7571839.97,31807973.74,32796.775846,39379813.71
1128,0x096b99c3763c8366f5ce5f39f1374cec53f1b9d6,,83523.590166,411814.87,38957674.21,-58669.808313,39369489.08
1129,0x5e9bfa224fcac0ca76e42d927bbec30317a26488,,1461.868099,2151.48,39316091.22,-136182.094076,39318242.699999996
1130,0xc6cd4f327ebda9a78cc52414aa5101c211b5e4d9,,353612.532878,5550257.89,33636054.73,48276.62143,39186312.62
1131,0x09bc0cfdb1ab43a57a8a4df7ffcdff9a980bbd0c,,13078.973908,229915.34,38955573.73,-545736.942276,39185489.07
1132,0x6fbb33de5f39c690d2decb95b9ab46ed0c83e3bc,,3096603.483423,763113.95,38411943.84,216120.967836,39175057.79000001
1133,0xa62d6eb5d7891708c5281afe239fac6c071e4fa3,,899128.97508,8923734.780000001,30244463.67,17118.796038,39168198.45
1134,0xca2f5c06c542e22a60fc02a9726bfe3a3db2e56c,,173593.596912,5455861.82,33707607.74,33694.582264,39163469.56
1135,0x202486b34776b26b474aedb348658aaab5d2dff4,,261266.430444,110415.85,39012458.75,19932.613957,39122874.6
1136,0xd852e3a7a2abca6aecd0fa39147851ae96eba5d7,,2406115.8046230003,5754326.42,33353526.83,64498.69771,39107853.25
1137,0x4a3bf7b4b6bbfc9d51e297204f2b39c860e2fb5d,,6636.200157,8353014.8,30734505.23,-31132.528708,39087520.03
1138,0x0d438ba1817d0958ae3bf70b23faaf1d0117c930,,1761744.429627,5940202.43,33121704.61,-750737.641939,39061907.04
1139,0xab81fef97356d57cd30f8ceb15285b988682c608,,1461896.660052,2859448.98,36197597.76,50976.176213,39057046.739999995
1140,0xc16c69d13583ced94245f79afb8751a1883bf2c6,,935.281884,397777.54,38656491.08,-134501.905894,39054268.62
1141,0xa0551c838209a2fbd3485ad722f9265f85c26ecc,,50344.82996,562890.02,38488868.22,-133802.856455,39051758.24
1142,0xbb07ff95593e6fa550cd669a44938fc1a5704dfb,,18935.235948,6395045.15,32651997.89,3547.31,39047043.04
1143,0xebe837cd345469cbc5d6e1fd3d15ee5079ac885f,,10859262.447518,7999999.47,30990877.14,-303527.883623,38990876.61
1144,0x7050a9abd4f06372247d19c39e5d718636f35fff,,444234.542807,1450349.39,37522014.13,87482.627868,38972363.52
1145,0xffb285456daa57d757b9c9020a6302afe5a95ed6,,521469.55145,14484247.56,24343280.82,397986.370969,38827528.38
1146,0x8a573b4b190a8626f3c246fd923a7f997de40851,,47828.09728,3750418.06,35059084.16,-23825.290344,38809502.22
1147,0xd4289ac86ea452746a297abf125474f0257c50f5,,24515.843384,7352688.23,31448915.49,-34759.626161,38801603.72
1148,0x04a97ae7f350a22cd0cdb6b1875e8905b76495aa,,696720.717982,8324970.07,30433577.93,254366.823071,38758548.0
1149,0x0daae6dc07e360e805c69af261467a4c92774eea,,15450.791278,13728076.28,25024388.11,-693.529672,38752464.39
1150,0xe8e411fc334adeca27f50b229c17172400a6fdc8,,20208.545172,3974363.82,34764077.39,22420.812422,38738441.21
1151,0xb101d4eaed86ba66cd319d446a8c0aae79ce7e83,,147348.52624,8123247.22,30590910.94,-4049.98376,38714158.160000004
1152,0x8e555c7f07eebea796dec9b9273e8c1b88a1abdc,,12609.467737,10049449.75,28619469.37,-2461.888253,38668919.120000005
1153,0xcdcc0d98c88fddee5241d374ee9d73da37028024,,46107.227042,13119814.93,25546076.77,-9044.202852,38665891.7
1154,0x8e48c052ecb5d8c5da25624b807975f73c44b0fd,,485276.547855,10153644.93,28502961.25,-16963.084847,38656606.18
1155,0xa9904bca2ccd1fe83011561823a4ca18e20d09ad,,30767.658766,7383914.5,31270508.229999997,12999.161027,38654422.73
1156,0x133610397306cbc554ccb07f2e0f02a0175e35f6,,56242.406716,15471102.78,23055674.14,27130.542055,38526776.92
1157,0xf8b230fdd64cefdaff3c49c1fba763794b1987cf,,0.008935,0.0,38507587.59,-6868.382666,38507587.59
1158,0x3eeb90de3b947707c0edc19b43bca4cfc0f8e85f,,95037.645517,7766668.35,30725993.11,2943.582833,38492661.46
1159,0xceec48581b3145a575508719f45da07dc57fa7ce,,17524746.808818,10998230.18,27468456.78,410268.397904,38466686.96
1160,0xdd1f8fee40461d816643934daf72067efde60ce7,,0.0,0.0,38427584.4,-35579.378186,38427584.4
1161,0x24fb52e17e3d4fd62a119b8f53c1a3f3bfe65c2f,,487797.667967,10409471.08,28010572.0,342427.943093,38420043.08
1162,0x300fe7f38e10bbc668339bcdb5b1a7b36eea1678,,3954133.424669,8026941.26,30278933.07,128702.691727,38305874.33
1163,0x078f98976f6a7e621fe5dc35fae8a664e084b280,,413725.329312,4168787.98,34136578.32,6872.59,38305366.3
1164,0x33e17f809abbe66ff6a8fdaf291dafd9307f1ac3,,154610.63799,10652497.46,27571655.09,32953.446071,38224152.55
1165,0x16572631495c62c41f3f819a783f0d5e1dfd5355,,28447.450906,16526129.81,21684959.6,-3702.917955,38211089.410000004
1166,0x660a5b276ea26d16aa980c6f8db4cd1ddf1aef4d,,68003.94602,2155438.59,36041781.13,-24987.624799,38197219.72
1167,0x1b972454df5d993dcac1754793eaf12329b2833a,,32833.92166,6024239.56,32082338.36,-2496.756405,38106577.92
1168,0xeee81fa8d062a0ed41c175b391dae614a92617ff,,72032.765253,3981446.33,34116810.65,-92587.869233,38098256.98
1169,0x99fc15dbde32ceccd0fc72f03c9b7f6d8fa5ad7b,,0.003308,2943342.59,35113505.61,-39763.335963,38056848.2
1170,0x170c3ec003b872b1fbd9fea3f34482607370996d,,520088.429347,7059919.98,30987371.18,22150.35363,38047291.16
1171,0x8538b4b9fe2e3879e061f0aae6487221a250a019,,37993.411532,5148179.9,32892178.16,19385.121184,38040358.06
1172,0x25c15aa63832bf86542647511347a9753f852722,,467390.454625,15253953.12,22758972.6,-66150.595382,38012925.72
1173,0x10e14ba2d77263543be1bdb2851b0933ddf4f4bd,,8702329.782101,5184913.58,32746820.8,-795735.419893,37931734.38
1174,0x5a421d60af119b3ecebc9d4e705210eaec5afe61,,50528.092406,8834673.61,29056347.36,-814.679923,37891020.97
1175,0x0a01de9cd3d1eab771bef316f0eae531db044d0f,,34214.359875,10136764.71,27739237.15,-29921.811928,37876001.86
1176,0x2291a8376fbefdd4847a3c47992f0ee650427d81,,177146.390821,4669259.15,33192702.99,34692.2324,37861962.14
1177,0xa6b0a3a2e15f9ff40ee664ff6e01287c03aa8030,,48921.906899,8418472.69,29435318.25,-103969.413101,37853790.94
1178,0xf5629393e446a103a4be1c49a956255e7c87c1d3,,0.150737,0.0,37840775.79,0.0,37840775.79
1179,0xf3748e1ab8346c76649364483f11126a7fa91fd0,,80965.370823,16408362.52,21371294.85,-26484.713048,37779657.370000005
1180,0x9d7cf9f3e13d2dab11c580e71896f8e69cf346d8,,20588.680781,8038979.73,29702776.8,-45099.643199,37741756.53
1181,0x490c7ed1b96059df56296f44dcd24124e9353227,,528023.011681,1791038.01,35913816.809999995,280533.414932,37704854.81999999
1182,0x0d7a75c2ec876cf070749bc7a8af0c8436c90ddc,,9755.4613,7108911.89,30594730.95,-19620.704314,37703642.839999996
1183,0xd745e55d0f7d8b32d875d4674003bfc9d9d1ec4c,,472641.289721,31.94,37672485.97,-68770.80416,37672517.91
1184,0xa01d57af2a885efb242152366aee293c7b305867,,29489.452339,14874741.31,22776473.4,-10973.060657,37651214.71
1185,0x13d92e015d4a8a99ab8490fef42fe83e754116e1,,473843.589409,2871274.78,34700041.99,42927.068638,37571316.77
1186,0x2b9bbcb5ec31aed6f17c4747b684aafee4a6bba9,,28987.602584,14752585.28,22735870.28,-19459.357416,37488455.56
1187,0x4b3cd947eb86a32dadbde2e9a873524615e66c92,,83362.891346,8877598.97,28538258.87,180930.026399,37415857.84
1188,0x80027b436d46ceee244e77135611e6ae705dbb34,,10715.219941,2645959.01,34767756.82,-4029.319013,37413715.83
1189,0xc3ff20a75d873e2e9f1bfaca6617b68669645c31,,78090.259996,9312168.22,28076599.7,20551.352253,37388767.92
1190,0x6f7f358df5a6a4b02178bdbfaae5ed4dc14b28ae,,258348.111831,14412199.05,22968693.46,52769.382062,37380892.510000005
1191,0xdf59ab0bc4e175667b6e2bd77fdc585d088b5a2e,,179733.60996,4529136.75,32817333.33,-120236.931609,37346470.08
1192,0x358ee17c36b51e3c6870ac2aee6fa24c4c479a10,,594427.111284,1911998.14,35390426.57,-72356.234676,37302424.71
1193,0x0bb731505a70421a90b2f7827df778d5cb6fcef8,,29614.888955,2435753.72,34805024.75,-48405.260091,37240778.47
1194,0x2bc0cc3b1a9d19ec8cea4e5ad76a8f553a81e106,,9622.405611,0.0,37216155.62,-43144.498066,37216155.62
1195,0x3bdeeb33058760807345a493c17ff45443330923,,20672.418763,1614082.07,35599822.51,-50378.338029,37213904.58
1196,0xebd60cb3af36816c685e720b2aa53e1356f58cc3,,99861.662175,8565670.69,28634191.08,-2136.937825,37199861.769999996
1197,0xd507eeef2152d54b8c00cba499340f7b7a59c948,,8140067.419517,9905388.82,27261496.67,156616.753019,37166885.49
1198,0x364a45829e8ce2940d8cff911076d8dec40b2e73,,9554594.71018,8571832.28,28593381.86,568217.174727,37165214.14
1199,0x6f5c0b5e696ecc523f6287eff09144e080dc18be,,242016.092817,6958022.06,30187799.46,-286996.515333,37145821.52
1200,0xf6eeb97cc2ea2b23774501bef2d79a0e4de37817,,7542.881021,18108582.64,18924645.04,-918.808979,37033227.68
1201,0xcab7aa9083569dec759f8ecea1560793e7baec1b,,0.0,0.0,37024999.56,62287.136126,37024999.56
1202,0x13f51013309b3e778b6d51ab3a1b2055461ea21f,,5639.936758,2483127.78,34540401.49,-28973.036932,37023529.27
1203,0xfc079a49e371976f559bea0cd1c1f87a5f5b9464,,2297404.962129,3788158.96,33172889.9,168459.275256,36961048.86
1204,0xff4ba73033cc755d7455c09c7cb70e914e94a22a,,0.013806,0.0,36946074.93,6401.624869,36946074.93
1205,0xe326375742cf703a3e7037bb7fed1e01e33609e8,,1500274.12106,4050637.24,32764395.17,-383.709208,36815032.410000004
1206,0xfb8720d7b7d09b6fd44291a3bf1ed805e50b833b,,2354513.549298,12418345.38,24338460.81,142487.831777,36756806.19
1207,0x7328cfb3601ac37413a16d8c92929dadfd40d7f7,,2802.507297,0.0,36697938.9,-1209.719009,36697938.9
1208,0xc86781f99078e71c2cbf9cd8b9712d52b28b6e65,,335107.390876,2311443.54,34372260.36,-21661.865818,36683703.9
1209,0xeadc152ac1014ace57c6b353f89adf5faffe9d55,,18489368.903066,6984930.1,29683471.5,9271240.91356,36668401.6
1210,0x7071bded76de4d86a2854f1cb885b2fa7d4b578a,,56832.124265,627696.17,35906123.21,-22597.878266,36533819.38
1211,0x5beae772444a36572bc7e26040988edc88e7a02f,,43288.88841,2744172.76,33636972.16,-41968.03072,36381144.919999994
1212,0x051c2e6d49cf82ebc47f08f9b85800f94fc9693c,,15173863.92265,11460500.2,24910492.72,3986598.5188,36370992.92
1213,0x6dd3146cead144385974e958305d7e4c352846b7,,1269819.851393,4362679.37,31992198.19,-387984.222981,36354877.56
1214,0x1fdd31506efd5b21f3d9dc5be61f1bf62876db91,,13397.003756,2380042.06,33902196.1,-22132.434418,36282238.160000004
1215,0x62949d10348fa66aab1f86744620f00785b7ffad,,91342.887731,5070307.19,31198939.74,-19022.23343,36269246.93
1216,0x4031c93008b46a1f461347ead74dc97dfa52ad61,,97704.732682,4782469.41,31478631.86,41250.374796,36261101.269999996
1217,0xfd4d5ceef928efe7e7f6dcebc609342ac85787c0,,195967.751539,14352314.84,21885218.28,99788.575887,36237533.120000005
1218,0x6ea3c2e9050649954a4cfdcee3e3d2034b0ebe38,,1.082586,4685370.99,31546163.95,-15419.78,36231534.94
1219,0xdb7c8f44883ad071305e041bbf3f3676f9b6ca21,,43886.534471,15493412.62,20728226.93,20832.334747,36221639.55
1220,0x44c52bcaac920949e77d8d6bd5f928df637f4fe8,,4192.590929,6159189.65,30040666.12,-22474.246877,36199855.77
1221,0x89485bda47a4d4f9d53113242b4f8dcc0a0e85dd,,107589.575865,2509773.61,33662591.95,-4012.252261,36172365.56
1222,0x2f0fe0ecdab53877bf0106bc1534d11012c69018,,902393.206612,63954.59,36098501.77,-329626.052925,36162456.36000001
1223,0x5efc5eaa41ebfefcc122e7600d3ac81549b6dd8d,,262060.513752,8010343.84,28137993.93,18139.911256,36148337.769999996
1224,0x8abc3b8b07082cc8752a1342ece30b9798aac9ad,,30188.231704,12715003.04,23427139.63,6047.89,36142142.67
1225,0x25ddff2f25a73b8dc3711871f09525ebdc6253db,tentomushi,0.841928,2539113.7,33487686.76,306219.69,36026800.46
1226,0xcc94b225e76b600cce7502758c1a0165ed494b57,,62657.112211,8932842.14,27056589.12,-12559.697326,35989431.260000005
1227,0xa729942eb5e61da471d36e421e3ebe6d3ba041a4,,0.467791,2804699.64,33169237.6,-10798.21,35973937.24
1228,0x183d0567c33e7591c22540e45d2f74730b42a0ca,,1664036.060201,5793781.63,30126665.57,11473.781343,35920447.2
1229,0xdff023ffa78ebd3cbf456b709b376ece7febba24,,806.561805,9321179.61,26553008.8,-12661.189035,35874188.41
1230,0x0e9beee0eebd1e1b1e49e2d6011cfd0b59bb79c3,,23172.872096,3602814.59,32234628.27,-5925.51148,35837442.86
1231,0xa6222ecd7e6d69cc70afa4bfac20f1374dcc3637,,362931.355261,17884301.16,17884301.16,56307.752481,35768602.32
1232,0x9eeb863e43ae9b71b6d08e0f0e44280c047b8a08,,57101.969505,13039919.63,22670211.26,6618.282848,35710130.89
1233,0x1e9fc7a623d21a57794cd18355f28b04caf3fded,,73689.143604,8238797.26,27465232.66,22131.443604,35704029.92
1234,0x701adb5a67f3ee17b10ab5b156b37dbc0ed50f29,,248754.705157,7363442.1,28318456.18,68085.830839,35681898.28
1235,0x654016a8c9fcf0c4cb7ed6078aba21f7f399f7b7,,5945284.82077,6418955.69,29252374.85,1878309.794345,35671330.54
1236,0x11a288a835b2ec9c4e0de257316d66e7e360a6fb,,22746.870136,998710.75,34665732.27,-15698.974679,35664443.02
1237,0xb66be8cd74f16ca257120ddca3380f04960284d4,,73984.528589,9442778.76,26220358.05,-5926.081411,35663136.81
1238,0xc619b01f1a4f894c5e83338c42f98dcb82b710f5,,4451894.762055,5887489.34,29727974.3,900805.660956,35615463.64
1239,0x86d2161a18a6eb5be550d5253496e5a161cdf731,,270572.416883,8043271.760000001,27524660.819999997,9506.917033,35567932.58
1240,0x8b3fdac749d04382f375f5cddc4e7dc3a78bc6cd,,6538827.560283,0.0,35563144.55,-2064150.989804,35563144.55
1241,0x69734cccc13fbc6a6a5d075fa5dca1d57bb71b0c,,108799.748277,6530677.18,29002442.58,9471.468951,35533119.76
1242,0x92bff72e6c943a1348aedf15d68e758e811dec64,,599009.946115,328012.39,35169351.38,104415.704755,35497363.77
1243,0xbd334a55db91617545e8d1b09941e036ad8e4200,,8486203.388876,6083059.6,29401872.72,1245542.647773,35484932.32
1244,0xd93db9fc95c19c1eaab854281890e9e77b18ae3f,,1627667.223889,6012360.53,29449803.73,-207933.955308,35462164.26
1245,0xda271e1fd181a7956ba4542263665aa788e76008,,14419.867116,14861882.54,20570552.37,-14612.252884,35432434.91
1246,0xc481401429a442ee1684acc8dc7c80a71f2bbc51,,284439.058663,10101657.55,25326147.96,5028.276493,35427805.510000005
1247,0x67fcc46ed2a63971697dad2fc7bb0091fe89e51d,,3141123.012593,4291040.8,31088919.4,-147826.927467,35379960.199999996
1248,0x7fa77093e83c9292c2357ea799ac2c57ec138203,,2863304.514134,11104874.47,24256208.28,161132.586232,35361082.75
1249,0x732f7178048a7329cb37e251845d4d39d62ab4ae,,168292.764352,17669755.63,17669755.63,-45.85245,35339511.26
1250,0x30154567d96eaca13f0bd1a4150ed938f05b507c,,137304.738677,8908019.19,26430746.28,-16480.660177,35338765.47
1251,0xdd219648b2b1e394e0e03893fadd57d8c6affa3f,,107531.117164,0.0,35329075.86,-828.969586,35329075.86
1252,0xbb34960afec64f3f1cc78b0c9c342c4657021696,,4175326.1220400003,5888232.88,29384722.6,905567.589181,35272955.480000004
1253,0xb6161198798dc08e3ba5bc2756820848fc51173b,,76748.890088,1730245.93,33538244.24,168979.960092,35268490.17
1254,0xf3f602af378305e77053b41805efed36a5512458,,13537.081884,9271293.53,25977386.43,-5520.284023,35248679.96
1255,0x45ac5eda8bf2527f09067fd16c530be6f86e8404,,33083.633617,11120895.58,24097674.83,13306.094063,35218570.41
1256,0xb73888476dccade29770175966ccc5ad50e45b48,,2.481805,0.0,35186274.83,-226482.232979,35186274.83
1257,0x50fb96edf5161d9dc44f6e9c9a833aa881e3bb29,,48746.775454,6914.65,35150681.91,-8599.908673,35157596.559999995
1258,0xe4cdf41edbcca58718bbbc75a3e4029299cb5130,,14629.462849,8326913.75,26776046.35,-5769.307151,35102960.1
1259,0xa2710511e1dac83973de2b394f669183a175a3f7,,1293294.414347,9640383.71,25459835.54,249153.212096,35100219.25
1260,0x7c524da7c45073776cfeaf2dd32602b94744fd1f,,6400.308332,9104494.81,25984286.65,-394.30222,35088781.46
1261,0xab213e43714ce4a5863d155fe805bdb9d9572742,,350222.769158,5094505.2,29974371.23,-59829.866555,35068876.43
1262,0x10afa96b89dc4472474de79ccda9550c748d8e9c,,243380.4719,12222090.53,22843858.26,61722.6719,35065948.79
1263,0xb1fca5ac2255926b02966ed956bdcbaa58729a4a,,103699.199413,5866924.96,29187996.39,-16905.428325,35054921.35
1264,0x8ce12b7d681d7b3d49086c38e7b852e75a349ec4,,356235.412769,3599572.99,31426353.59,-166977.604463,35025926.58
1265,0x6bb971430554e3af58fbd469bce46ab2359a2d23,,2940831.305611,6475773.14,28543909.3,279033.146278,35019682.44
1266,0x0c113df945412b583905cd14c18a24df6bfb4432,,54972.581386,7362537.85,27624871.33,-60688.885358,34987409.18
1267,0xa522301c25e833b75b223a21a7f528eef9862d0e,,1270286.725845,4390076.21,30551155.47,4095.026221,34941231.68
1268,0x354dd2b1719ee86a2f4e04befa137c1cbe80c667,,2939.456182,0.0,34922936.64,-46118.532845,34922936.64
1269,0x9b09c1f83250a436278fd96f80054e414556a7dd,,49390.982957,5284395.93,29620186.15,-40815.843576,34904582.08
1270,0xf138b360e7d8d64416b2666280c688da25134dbd,,62830.820759,2782740.22,32117515.939999998,1149.472946,34900256.16
1271,0xa7d1af5afed57829182b637d78fedff2def2bcc8,,85994.782512,7778357.57,27003539.4,2914.614158,34781896.97
1272,0x196556b34668a7de8e30fd9d1fedc28522b717f9,,142226.219489,7758816.38,26998553.87,-33863.813645,34757370.25
1273,0x6be7cd561eb0132746638a81d4f9b0ab937e6e6b,,1203182.639921,0.0,34752475.79,-146698.802469,34752475.79
1274,0xa84c6fd42d4e5c2e9ffbdf452041a3485b170885,,57413.805277,5027048.2,29711910.83,-10684.232849,34738959.03
1275,0x1ba9127b594defbf27a9e083912db9836a2d7777,,0.019793,0.0,34654054.39,3231.709793,34654054.39
1276,0x0286fa243dd5d44094673187cdf299611d5ed766,,4169.533261,2427439.98,32221804.4,-18495.932592,34649244.379999995
1277,0xf7d48932f456e98d2ff824e38830e8f59de13f4a,,103.979164,3843829.59,30784877.28,-39825.48,34628706.870000005
1278,0x144313a16dc284187e963848cb494a8b544e7a58,,309506.08251,4461868.45,30166256.91,64685.139733,34628125.36
1279,0x3ab38dee6ba252823b3ceba95390726cf1962a73,,281735.922404,8277234.95,26276489.81,2661.049525,34553724.76
1280,0xaed19771ec361159bf3ecc31366f33ce410043af,,300023.93323,3532423.64,31005362.22,-3787.716353,34537785.86
1281,0xf0ae4d359f07fb630a5bcb197ac3beaba4cc2f74,,2991756.34516,5779245.63,28680850.63,335983.500737,34460096.26
1282,0xf433181c03a2f422519c595f87a81dcc9bfbc5fd,,1e-06,6023154.75,28420328.28,-11498.631276,34443483.03
1283,0xc69ae428f6049e78d445f053d2c1df879c59b34c,,3135796.612631,6010271.74,28419544.33,580039.687402,34429816.07
1284,0x5122c3b4de32d93efae914382c08d02fb8348353,,203462.398925,2213922.79,32197498.55,15528.929783,34411421.34
1285,0xfba1abab671b67565759adc3f077cadef16905ff,,7320.694017,3301561.2,31053680.79,-22542.068933,34355241.99
1286,0xd590c3d3939f3c09c679fc7d9ba7ac36aa5ba99e,,5326.046043,3222783.06,31122705.63,-19559.335057,34345488.69
1287,0x1bbfb3a33600338d5a948618189649a4588d5fc4,,0.0,17157731.75,17157731.75,1141744.302199,34315463.5
1288,0xcae0d1558b70b92ee9fd0acb20cb639c8c28ae69,,28296.971774,10839028.16,23461207.1,61249.816277,34300235.260000005
1289,0x79c26b3468fea1ca206c918758d978ca9079bd39,coughdrop,53927.974302,3856095.83,30431199.13,21980.79,34287294.96
1290,0x261af68f656dc79e88bd748564c74304baab714a,,31978.555248,5372189.17,28906633.46,-18909.452792,34278822.63
1291,0xb0f094c9e85a0ee7b89214a3a67efbc131022cc0,,1097686.784676,3609459.17,30647161.19,-31651.851685,34256620.36
1292,0x78533c4dda8cfafcb53e99e6df1f0f64c762bc39,,121536.240429,16882880.28,17365697.16,-19370.149571,34248577.44
1293,0xd62d484bda5391d75b414e68f9ddcedb207b7d91,,0.0,0.0,34219385.82,81314.196389,34219385.82
1294,0x2594e08791eb5db6b102cb4a0742cb5c40cef3f4,,81612.526206,9506888.86,24635624.91,-35843.429568,34142513.769999996
1295,0xc97af3b5267072514c93b63aaab02982c11f6e8a,,256410.534651,5280533.75,28834071.48,-4772.515269,34114605.230000004
1296,0x420b2bbe06002bbc2d26b1599cc8bcf7b37278bf,CBRS,7.2e-05,6408480.63,27705311.45,-46434.979352,34113792.08
1297,0x9abb9d9c10d1512148e9e0074547f0e6785c84d8,,1332767.443777,2617868.38,31467673.39,154645.175964,34085541.77
1298,0x1523a34418baf92316cab7e9bcb722487bb7fb6c,,468373.015543,9556673.25,24521079.1,60701.827156,34077752.35
1299,0xbd1c84113c6deb5044be0c2221f9e9403811ff0e,,10548560.439928,0.0,34061788.63,2196617.469197,34061788.63
1300,0x77ec040154583286586e88bd53de4d466f72514f,,3.354775,17019614.69,17019614.69,-176081.472473,34039229.38
1301,0xa70fe21d49e3590cbf98692baab289fb31bddadb,,411026.779184,2288048.24,31743557.71,-43015.665207,34031605.95
1302,0xd0ffc0f42e548d2ce4309f5076fc056411219036,,36907.798055,5188270.11,28835446.76,-9246.907441,34023716.870000005
1303,0x51651b81c895e654e5402a3fc371e3b60b0dfb1e,,280905.334277,2813471.13,31119327.94,545.041407,33932799.07
1304,0x8cf7baae1bb4662b82564b1b8d8b2a88f90c2150,,187775.334438,6543195.12,27370783.13,7365.996722,33913978.25
1305,0x266ebe7cb15635cdd84d2ad245598582f06dd4e5,,30275.73604,8696450.22,25170016.3,3817.657281,33866466.52
1306,0x2c6f7831be3fe15cc7025672f27623a921553725,,4966357.251341,0.0,33810727.51,-111581.882761,33810727.51
1307,0x41e236c4dce7a08d45ff705f7c38fb378de3b8bd,,39499.188256,12896130.38,20908900.78,-21903.232412,33805031.160000004
1308,0x9aae087c9515c3f95053fee6f2266dfa27dae3bf,,28649.792297,16586357.32,17209734.3,4887.267065,33796091.620000005
1309,0x6f532e43094478189eb608a20a7ecaca4e763e78,,42354.908931,8634057.13,25116204.25,-13336.177904,33750261.38
1310,0x121a9ffb9b4d3126e8c1d89d98fb3767dc0fedc9,,3121.380078,4838600.95,28834776.02,-13439.067526,33673376.97
1311,0xe4335f23c69b857173e6dab03a4c216cd3fe25da,,20822.969539,11469360.7,22160733.27,-4768.45231,33630093.97
1312,0x8284ab22ddab4fbfbb249b82de28c8efe0996c99,,9129.340469,0.0,33617519.43,-289989.747538,33617519.43
1313,0x27c3d759e2c02b6bbd999a387f2eb67a6fbcaeed,,465699.1003009999,6953697.53,26635379.14,77256.584875,33589076.67
1314,0xbb1628a19f05dc78c45c73f41c0fe76dad3b32f2,,11107.254436,12305797.38,21253155.36,-98112.410256,33558952.74
1315,0x72678034ceb50c11fb599f850ed3dfa55edc78bb,,642724.681424,6324163.27,27189874.52,-8794.957529,33514037.79
1316,0x65ea08385a1394d6f1a2ce531187a96b96e3b10f,,0.0,0.0,33511564.27,1302.544766,33511564.27
1317,0xe8d6fede9b59cb4b3ce9627973b0f3bbdfbad306,,30011.800057,7481840.22,26025829.65,24908.742977,33507669.869999997
1318,0x2e4634304d58856d003545badbfef5ec1a442c1d,,9500.887317,2469782.28,30973234.91,-17093.878416,33443017.19
1319,0x541e077ac38c56d7bf590924d249c60b0c80071d,,2984464.021341,4158978.05,29253208.62,231324.997163,33412186.67
1320,0xa516541e599129095d14f7faf8b11ae670c837b0,,93388.664874,515131.52,32850047.59,568534.164095,33365179.11
1321,0x38d2dfc2f67ce4a9daefe6c2f2e3882042f5e439,,49952.863374,637345.44,32686385.19,-21197.917489,33323730.630000003
1322,0xd51b48fa7b9c4e408aa42eb7ad0b87ce73110d9e,,1110097.661857,5150085.57,28145856.3,-87073.015892,33295941.87
1323,0x5faed49291db46f90e9af7331e41046e65776e5f,,0.840515,16493232.64,16779294.83,1182386.137709,33272527.47
1324,0xcd96c4a5d8d712af0658a08cb9f9e671c1b4a575,,189931.716468,1295199.66,31969183.74,-46072.83,33264383.4
1325,0x44c326040b13734dc96bf88d2fb589615dcdeaef,,136333.722724,7017482.03,26243929.86,51110.862186,33261411.89
1326,0x7ec9341b068d504110051a18e768d54ceade0425,,0.008834,0.0,33240418.61,-32873.595075,33240418.61
1327,0xf66f15ccf8d0359fc9ba573db6eb20be71d1c006,,92398.598945,3424068.2,29816098.55,8288.400655,33240166.75
1328,0x8d134fe41651db874e73cc019a0f572294b0d55d,,576065.552729,11484658.83,21691241.66,375539.979699,33175900.490000002
1329,0xd1bfda082e5d5c1226b8e758f488c81811e8723a,,55405.780485,6142791.42,26991284.82,31395.232263,33134076.240000002
1330,0x248ee78390f5505d34f36ce2df87d79fbcdb6be2,,1731507.607037,6742516.24,26371839.45,-180713.119329,33114355.689999998
1331,0x11f46fff2624737aa0d38507e761b6ef770eb94d,,195017.840606,6256555.42,26816726.86,-50797.106498,33073282.28
1332,0x58e2677db8c34c7f1d1622d1dc17dbba1ef31145,,9579.359076,285453.68,32760808.88,-9976.19412,33046262.56
1333,0x3de9a354243a94e10060a198c7179b8e5393b9a1,,432417.924763,7240041.54,25764011.78,25240.542329,33004053.32
1334,0x0062107ede62c95b0d764a169d0027a6e1f22ed6,,126756.433186,8372041.64,24614453.2,54249.761885,32986494.84
1335,0x27bad23bf5e789c6f943ff8fc090e42c4a24ad80,,1724.115817,4022908.48,28899368.53,-96314.31079,32922277.01
1336,0x99c04bd4f1dcff4a3cf329ec34570ddc8db6cf5b,,328694.379905,6100634.09,26797031.04,-220658.619573,32897665.13
1337,0xd35945483add29d65f93e788956fb00aab6977f7,,111424.526167,3147314.53,29714506.73,9956.33586,32861821.26
1338,0xaf96d0f5eb09ec2dd5c0b9d887acb45201464481,,25103.876058,8413583.91,24410127.96,5631.321699,32823711.87
1339,0xf7df73a415ce0b06aeff0cd17625f036cc6c0504,,156629.595572,14170251.940000001,18637422.66,25764.41885,32807674.6
1340,0xd5d62227bb13d285689de881e6d4e4462f637a4c,,99539.023742,5442870.08,27327488.57,31796.089096,32770358.65
1341,0xc2fd1b02ec663e31ecac1f01841223d44db44518,,2376.667094,3546794.1,29202961.6,-14196.830182,32749755.700000003
1342,0xb18fc90f2422e68865b0c1ae01c4b05ec0d08510,,0.016941,3657343.72,29050247.07,-188989.033935,32707590.79
1343,0xee26912a4c71128174393475f7d9b9329c586a23,,1019.693642,746703.73,31944362.59,6432.766701,32691066.32
1344,0x8cf0477f411d61448f4f638838c0698e9afd0351,,107949.603102,9419453.1,23271465.23,32101.966939,32690918.33
1345,0x0354525be351ba3c1cef0a0d596da0ad4dc4741a,,68356.836016,5051156.06,27590659.56,-68325.999322,32641815.619999997
1346,0xe14b7101bd3109945d881676d4dc61c803dd15df,,175.759822,1050.22,32640668.64,-14944.238405,32641718.86
1347,0x716008a4371137638f196eb2fefaaa960c05d47c,,555073.633696,13453729.63,19179965.75,-133860.6918,32633695.380000003
1348,0xbbfd8f29f9c7f7119858d9ec7f4bb896182b7d69,,410167.92204,9741999.36,22868951.39,-32302.194137,32610950.75
1349,0x456f1049c0f2ec990091bbd3f30af62aca3fcdf1,,2495677.553754,1644277.63,30926499.96,254929.005991,32570777.59
1350,0x7a31bca666de3d1b97cc155b582338579c9898f9,,26703.182473,11263401.19,21295841.37,6710.538641,32559242.560000002
1351,0xc985ffc27c59537c81e40e7b4fb3267fdaa9f97e,,285397.251962,2302163.53,30230577.2,-55992.91196,32532740.73
1352,0xa674aaa0588de86c3e9e279f819c401481f6dca7,,262466.603093,142363.42,32381661.57,-67883.586907,32524024.990000002
1353,0x4c3bd70c45a63bb7b1fb1ca2e55cd44d6ccd57b9,,108471.132473,6065208.48,26453535.53,-23346.285478,32518744.01
1354,0x349b7fd911b886742e93dbb0cde8fd9a3423c9f7,,27370.837872,6312176.28,26205342.68,3820.338735,32517518.96
1355,0x4f2575b48cade4d60ef538c1c5e34690871ddb81,,28810.250443,14275164.43,18233331.61,20472.829282,32508496.04
1356,0x775d9cda75fd924ba91fac324f45676cbe361311,,179695.12495,5994153.56,26446249.67,-21607.095524,32440403.23
1357,0xab959f9c71723d621f887217e691908eda4ec74e,,85840.910097,8774266.41,23643758.72,20340.979107,32418025.13
1358,0xddc39ad101e5ae897714febaa3a78f444aa37ab2,,45459.775664,5091274.3,27313538.2,-343.861768,32404812.5
1359,0xe8fad35e6f85b5c5e4875fff2f595735498c279e,,1155977.811032,6083101.750000001,26281179.759999998,-63098.041801,32364281.509999998
1360,0x45974824c1c4e4d797aa8d057a5499b46cdefe33,,905356.974283,4889039.42,27440437.56,123389.582502,32329476.979999997
1361,0x3c516f085e94177eaf0bdfb5b5eb1ab71052d064,,352622.884219,3630529.29,28687091.47,105077.351355,32317620.759999998
1362,0x6e861200195a68ecd9ae4ab3a4fd848e479011d1,,440299.23044,4216561.26,28099814.05,74015.836746,32316375.310000002
1363,0x99b9801f356dd303de0549a40cc9291ab06a9578,,83498.851975,4322622.02,27984294.0,-55620.884259,32306916.02
1364,0xc87edc449d9120cc3059890cb7e71b1d3771ff2f,,80232.008898,4099873.92,28196060.41,153689.424666,32295934.33
1365,0x02250e1606ac63aa6ae011f82963864529f5c695,,31424.220349,12464468.8,19799544.91,-16935.734948,32264013.71
1366,0x8eef13e8424767fcb0e80e722e1902e29c05d985,,413531.817444,9269806.59,22979530.04,36127.345862,32249336.63
1367,0x0a506b1e47726e769949086ea60b5b01cbaf956a,,435371.897557,4992950.91,27241502.01,193981.149959,32234452.92
1368,0x0392a716dbee1661ea781881826b928daeb5d7d9,,11503706.57187,0.0,32223471.75,1746416.051227,32223471.75
1369,0x8fc9f952a56f2bafeeaa8b03b3f9ce6ee263cda8,,92301.224201,5930761.29,26261646.41,63521.574933,32192407.7
1370,0x11eee2e0a613af4f636e23ff295e2dac6a191d1d,,144492.675236,4537738.65,27646100.36,-2663.342635,32183839.009999998
1371,0xf35153bc3129438ed3dab917082429582af711dd,,126587.302613,7100930.96,25015581.56,24468.660235,32116512.52
1372,0x4d688c1bb485b3dabd765e3dd1110a0a489ca213,,83674.459532,12586733.59,19502706.85,19906.529532,32089440.44
1373,0x0b38c01118342098d6f108cc3741349089cd9590,,410464.82982,8379249.91,23628693.64,162712.024879,32007943.55
1374,0x3786fc7f29648c80225e1e9ef5e37787e505cc12,,12315.660018,1710743.41,30242271.83,-2925.818993,31953015.24
1375,0x4fdeae7a71b36f92ba55790a037b26a8f44890e1,,129625.233678,9023208.05,22920746.1,101253.110206,31943954.150000002
1376,0xeff7fe671d9a7acf86f48994bc5d5161042415b6,,29502.567107,4054534.32,27880909.68,-40087.876492,31935444.0
1377,0xc3d96c4b0133536125cbf2a1ec358fd2496662f4,,10392.264051,6585592.6,25342913.98,-19155.145949,31928506.58
1378,0x17f0361771a9042d816cd007c731be15f05b094f,,767302.762727,492734.74,31423967.34,213918.263485,31916702.08
1379,0xb337f2ade207d7f56249ec177d25d44b36d654cd,,1e-06,4788767.69,27112995.15,-5796.967455,31901762.84
1380,0x1ba0150bb0fd54ca4eaa3cf9ff41a9c5bc074cb5,,3857.159281,4324367.609999999,27568102.87,-8990.467315,31892470.48
1381,0x6a704a0e46dcc67a6316644372e261e8fb6f658c,,1685644.337119,11176996.72,20698483.96,119890.970859,31875480.68
1382,0xfc76f730c3e2939825484e0a777368075d779ef9,,172833.690444,7842994.14,23974561.49,14919.13973,31817555.63
1383,0x4721d4bcf69f585801362feac273e8389d1a45ec,,435451.505278,10289050.25,21466821.67,145526.554228,31755871.92
1384,0x97f21dfa04ba0d74defe9fc4de1fd19a6d078f6f,,20017.278514,1207511.06,30541946.85,-38850.818928,31749457.91
1385,0x810db68a173f92660b1d18720cab9cf7f820269d,,289440.514164,10337891.05,21404623.27,-59267.068895,31742514.32
1386,0x52ec89c04b0709d8a0be9584c5bb63bfe96f83a2,,9.291073,4058120.62,27676483.93,-56306.604077,31734604.55
1387,0xdaf359af9d2ec10930368b95d9eecc919478e8ed,,466630.051602,4779021.63,26851401.35,81396.491422,31630422.98
1388,0xd66a63b4d938cf19ae7006109a37f3bb357dbe96,,285682.503157,11031651.72,20597520.94,18051.511852,31629172.660000004
1389,0x9cfec616f0e316f81376a038d080447213522bb2,,281406.745994,15793807.08,15802323.09,65149.915994,31596130.17
1390,0x8afd41c33841158e997f70e6a1af4a23203cbf43,,117920.806883,8774483.14,22814803.81,-669.453794,31589286.95
1391,0xd782059de58ebe238592198b97f10e77a1eb6ca7,,680859.725873,5169198.74,26398648.43,-24451.176647,31567847.17
1392,0x2219a4c5ba484e9c3b43f20f4cce87b054136194,,6655.414991,12680501.73,18849995.95,-2835.472037,31530497.68
1393,0xc58a821a2b45370b3d4e726623302e1685fa8e64,,139875.865468,13392612.87,18108301.56,40743.945468,31500914.43
1394,0x68f80ecef342044f84891641e81b50b5f580b6ad,,9.727817,11584819.03,19901614.74,-77581.62,31486433.769999996
1395,0x25a34b7f2533761a0eea417d4613b54861278e79,,1090826.079299,2478336.72,28954691.74,101183.494246,31433028.459999997
1396,0xb89aeaefe7bfbeb44caa01289b4cc9a5ac4ce53e,,81443.247966,8172873.22,23257942.07,10833.798356,31430815.29
1397,0xa23ca9889350e54e61f68d5814c2541dd1e6c87b,,1305.193205,6414407.69,24958265.14,-14274.632097,31372672.830000002
1398,0x3a23b10845e911b6944d9dc2f1f480fca3af35d6,,654405.919708,12610767.77,18761848.39,622245.333095,31372616.16
1399,0x069604ebfb4fb2998926e88e97788acfa5eb4948,,3800.42439,1338585.15,30008802.88,-6722.169849,31347388.029999997
1400,0xb1472948ebf7fd5e142c55943516ccee716b105a,,31760.4892,4753374.26,26590650.12,10448.553397,31344024.380000003
1401,0x62cd732421df4824f53a59c422b519bb97e8fd51,,1579905.122696,58.59,31323159.98,36404.503451,31323218.57
1402,0xac74f5f193f1a51312c6034a26a06e04f53419dd,,101308.565048,9263723.5,22045172.73,6427.967654,31308896.23
1403,0x30729cac1a6075e04a29c18078b486b2b118d04a,Waaqa,1587016.813693,0.0,31238834.47,54974.369621,31238834.47
1404,0xf2925cb0779a741fe33037cbd88fca5382e41244,,0.738091,6569734.47,24666278.88,-787643.503329,31236013.349999998
1405,0xd59887e3f795cef53aaf9b88f9c8fd6d9529ee17,,57.392279,1840540.35,29360659.19,14679.552279,31201199.540000003
1406,0xa8882a2817179a3ea9f06423852bad557e6c814e,,8535.851418,4917153.45,26281396.27,-25642.366265,31198549.72
1407,0x0b5a536884f1c64ecab5d5894c444fe54d19adf2,,0.013129,0.0,31196704.979999997,-71425.217039,31196704.979999997
1408,0xc46ab9b1644b5ac97c0266bfdf49949f579a3109,,124927.665409,3157706.1,28031561.33,13921.147755,31189267.43
1409,0xe1b2155b8fbc16c1146d5d16247896f06f68686e,,1150782.593808,4802140.99,26386292.88,150782.993794,31188433.869999997
1410,0xd4b0554776c461ef9fede5011cb591bf409d07ad,,232577.917772,6746703.62,24420434.79,3658.88063,31167138.41
1411,0x352deb23bebae8b4c57d0ae341d9c1951fd8425a,,1205711.1063,5367135.68,25790031.03,187706.420392,31157166.71
1412,0x8aa5a83c1e8f1937d1d5813ec275a24d742bb726,,20838.659767,3394326.93,27693558.53,-23498.492794,31087885.46
1413,0x76208821bb1f5f965e160848a20ec492b47ebe79,,418656.228587,0.0,31080759.94,-82504.079757,31080759.94
1414,0xa33f9eea9a0ac0a340a24b820dd89d9b06087a59,,6925.983299,11761616.57,19302644.14,-23009.206701,31064260.71
1415,0xa0b7020185b97f496f523c3f769eebcffcc56165,,6155374.843411,9071345.06,21979655.87,-489748.792786,31051000.93
1416,0x67a060c35f9902ae6a019645f1ff3f04ac5c0ede,,560981.448945,911447.81,30082084.89,-263042.988238,30993532.7
1417,0x635b97d47748ac94c0780fc2e3dfd423cd322188,,23097.316467,9700346.12,21252742.65,5535.760813,30953088.769999996
1418,0x55628371d55a65a41dd85be77adb4b11df6b40b6,,11387.185375,4836289.54,26032736.11,-21559.452136,30869025.65
1419,0x5db839eb1bb04158e3029ccad438edc90542f5d0,,159924.880133,637716.4700000001,30205006.14,-1414.264704,30842722.61
1420,0x8362907bc2368f43d23d254371cda0628cfa6f1d,,3192.618094,6397580.09,24432836.18,-14345.03503,30830416.27
1421,0x0a776abbaae0e2161d0e131f57e605efbea4b99b,,6692389.024351,3568522.9,27258423.78,-3573692.805159,30826946.68
1422,0xe6fe2362f915d627ecbf401b0ceef3dd2b2b79bd,,142389.422655,5678143.88,25140362.07,27994.437684,30818505.95
1423,0x06f35eff88e7bce1b44852d5b514f177cb9fdca1,,28049.857028,61492.05,30716742.53,-34694.490977,30778234.580000002
1424,0x412837cc7bc11d78197ace6b4c27f86a121f3c48,,203343.041772,6704861.35,24073368.73,38489.979714,30778230.08
1425,0x487247bc842a967ded8f519de4e47a08055c7f37,,118311.079058,15076435.68,15676594.06,-11686.300942,30753029.740000002
1426,0x801b8821e680af4191bb5291eb526c8f00647f14,,1e-06,0.0,30731901.03,-15262.589999,30731901.03
1427,0x5f9662b63e040b98fb21d0fae268ccf34737d6ca,,2250626.393632,409175.87,30302069.28,11720.983683,30711245.150000002
1428,0x3550dd33e3e6af5cd76822526af8cac37ba1d865,,108497.954579,5547558.99,25114298.11,2305.442968,30661857.1
1429,0x05bef810a1b3f4cefc96709d9a38847691ec359f,Mensal.HL,188219.698312,4783055.18,25877466.96,134513.17642,30660522.14
1430,0x0c51fe7923bee4c22a84c5b4109e0c5336d8fde2,,358926.419824,3129935.85,27508968.4,2995.205668,30638904.25
1431,0x59db4a482baff8cfb4f0fe8a8119b79855011cc9,,10735.11852,8986241.57,21633995.19,-13808.427077,30620236.76
1432,0x3a90705c017255731c3ecac6f5bc3cd9ac3fae8b,,70666.261683,6724892.73,23883790.61,-99955.011476,30608683.34
1433,0xe867fbdad3291530e41530301ecb77693850c78e,,97243167.327071,3162731.43,27372560.66,3618941.212078,30535292.09
1434,0x6e083d09b4910500d99a3fef9a166ec3c28a4197,,7696.110659,4416592.53,26097248.02,-3333.056155,30513840.55
1435,0x75083975c88cff9f8186551a28608e8a353116bb,jesus is LORD,118888.40488,1681262.15,28830427.65,-101412.814941,30511689.799999997
1436,0x8c24583f33e0b9f1ee9eea0bb9b8a6355228ff94,,0.002066,0.0,30507332.57,-142635.9,30507332.57
1437,0x76c2cd1b8a249f465f8445c455cb78e0eed36f1e,,623694.949476,4847964.57,25628020.21,-226517.23346,30475984.78
1438,0x3c2327312d4cc84414473414d603915d83f52faf,,51.107438,205626.5,30210748.61,-18672.176112,30416375.11
1439,0x4584d6d25303628c9654679681818a6566844584,,6680.145394,3649926.87,26745799.12,-23583.764606,30395725.990000002
1440,0xf57493ef4fcef6798f2f2db592d907859f488601,,592716.711865,5881591.73,24503022.89,175694.590281,30384614.62
1441,0xc64211d5956e3d5598a3890d38ae3ea2d6886187,,1e-06,0.0,30315259.3,-50840.745461,30315259.3
1442,0x82eed865e4525071f7a49ccdc308e05ed53f4e8e,,0.00818,12094267.86,18215161.63,-13219.851412,30309429.49
1443,0x3a7f29e8d0e3f8131670c3849ae37860512b62df,,592524.673372,6356824.69,23896080.35,169651.672823,30252905.040000003
1444,0xe799f6e2414c60340ebd1e1613f7a9b1857d2af3,chameleon,230919.054063,7406137.42,22780590.76,8266.926944,30186728.18
1445,0xa33ab3765a47d9b605276af8b49a3a607aaf2d69,,2177.322029,0.0,30177879.04,-7119.600811,30177879.04
1446,0xfaa779cc3d28caa7a65ea57e172c19c2e60bb8d5,,38904.982806,5362740.51,24776662.1,-94063.248293,30139402.61
1447,0xed7c40e138cb25e79d94295882c66ac8197fb66e,,430701.037608,0.0,30121331.46,102981.999984,30121331.46
1448,0x93d6244b18728f76ac659c7c88922b5f31fbfd2c,,0.109195,7098031.62,22974856.9,-2715.530805,30072888.52
1449,0x64571a203053dee847ee84246a02a6390c0a4a90,,1303.879895,12751744.14,17258395.82,6708.097515,30010139.96
1450,0x77375a8c9d13bf79afb2a87f1b0ac1dfd5f5bf66,,49615688.397718996,504487.03,29494026.65,13978028.675501,29998513.68
1451,0xeebb61954336ce0358c132249c32d2ecca70d107,,69373.044096,2402536.15,27568888.71,53806.006472,29971424.86
1452,0xffefb96480bf2f8d642c61a980df6bd37f46091e,,36753.678575,7309648.62,22576042.64,-23179.051425,29885691.26
1453,0x9f19cb6d853db8b873693924665e1747a9308939,,27175.272975,4122449.74,25726887.68,-50205.56137,29849337.42
1454,0x6f19a8adda5a0b8d009a687d7aa2d36eb08b6688,,1446299.251258,5660404.57,24177680.14,31426.303782,29838084.71
1455,0x37b325309cbae17d73be387e7490033538a9ca27,,99639.697608,5833001.54,24002759.41,12494.117001,29835760.95
1456,0xb179ba3a3b9652b8929f32bf8ed210193ae4d9a7,,16926.561645,3303393.6999999997,26511692.63,-10917.072409,29815086.33
1457,0xc9ff12f1498ced56dcc2ded924bb2217c41bc224,,409051.265553,2111157.76,27690718.35,-18901.212625,29801876.11
1458,0xd67ca2c6f8bc84acf4fa4472b82a8740dc0a53ff,,28910.18009,6588412.1,23188649.23,418433.189055,29777061.33
1459,0x0cfd01dff23c7bbaed6a4afbee5c9cce872b0bf9,,36791.527386,5299264.54,24477441.3,-53959.772614,29776705.84
1460,0x80474420d1d4d42e7bc25cfe0918eff0ddcc8852,,52544.491387,4564028.21,25156350.54,19445.748532,29720378.75
1461,0xfd02d3e60703de13b560ed51043fd4ad86d6fd3d,,31658.819255,10705251.3,19001455.38,5377.381139,29706706.68
1462,0x7ffb6d2d560f1a0a8fdde0f5995aaa8ae0c72c9b,,157386.667387,4776109.98,24897269.02,19196.478551,29673379.0
1463,0xf8683c5a1f0e3483b7a54c9069e27f42a600742d,,109306.533353,280590.78,29339293.32,-28304.588685,29619884.1
1464,0xadf8baecb2f26577f679af1255c45424e39473e0,,1529639.9558930001,4064057.23,25543441.98,51215.253068,29607499.21
1465,0x69c80dfe946aa8ee9ff441ceadb44d386425e8db,,185132.91748,13200701.82,16402659.1,13197.947905,29603360.92
1466,0x0d65ca083b13adf71a3ef307ae8afd1632ff50cb,,36969.140828,3693633.33,25827619.4,-120200.91026,29521252.729999997
1467,0x88328c9a274676313b4856135af6c277bd105872,,25940.584291,416235.63,29073540.81,-1291.432275,29489776.439999998
1468,0x4e9c104d24ca8aa27c3e1a5d9d3249e96c5bbd80,,199145.065234,1712624.79,27759545.26,35833.276101,29472170.05
1469,0xd6e56265890b76413d1d527eb9b75e334c0c5b42,,6571183.038972,6528628.23,22861051.9,-542543.662884,29389680.13
1470,0x15fc806d0011a1bcb3d1e610506544ab7db4198c,,132659.43798,6651908.14,22699248.5,40532.21804,29351156.64
1471,0x20438cfdd36d75e185d6601697eb1973f4aee79d,,236045.036825,7352753.88,21988405.82,37851.989605,29341159.7
1472,0x9b30303788deb629efd67f7c1f0dbf15e9a67c01,,59993.629367,5930999.49,23387615.86,-18874.421756,29318615.35
1473,0xc9713148ba62a304dc004c83da92632a58324cf3,,50579.970443,3617909.52,25696370.42,-1906.900588,29314279.94
1474,0xda6baa50bf26db565dfbc9c6ec7abcc9b76b39d7,,47975.801499,0.0,29307991.59,-8546.358501,29307991.59
1475,0xae5028f1aca223691f9ca630c83cc4404511d87b,,108415.694032,370081.72,28873287.97,-22793.247279,29243369.689999998
1476,0x6e8d764ac7bd05db0bea149fb893dede99b42f40,,4924.28668,4106122.33,25104187.87,-12114.31332,29210310.200000003
1477,0x3b9e9c9f82eb1c321535fd2bc48d8db9e8e8c503,,417262.198382,2558134.5,26646685.08,-20908.480485,29204819.58
1478,0x5b43b7162694de766c164202df0f0c716e4292ab,,2360687.549853,6898135.39,22305307.39,121503.429497,29203442.78
1479,0xeb4401d6e4db9bc6d5dbdc08ccb7fab33cc64d77,,25183.901444,11833219.27,17336005.64,4491.781444,29169224.91
1480,0xab27d7e32cf554e927e339c9e2075cce14801b29,,291814.923404,5967210.34,23191520.84,25962.885551,29158731.18
1481,0xf3ee94871a2b21307d076db89b4cc35d820b603b,,7000.001909,4610680.29,24507895.13,-15989.514831,29118575.419999998
1482,0x54c65c7bdc72cf97a6d7a9cb6b13e53e09d10059,,1e-06,1301293.93,27779837.32,-170658.814987,29081131.25
1483,0xb3f0736ff9af9c41c2ab0a64cb081c34951343a7,,33655.696176,3287311.6599999997,25726077.11,-42329.514566,29013388.77
1484,0xa99c9e5484e5b26635c07876d0859a1819ff40d5,,975978.698355,10049558.01,18881014.69,316948.219458,28930572.700000003
1485,0x815bbac976331915fbd1fa66b7f827007469ae70,,91779.104862,0.0,28913143.33,76495.190056,28913143.33
1486,0xd2bc4e7ecfa4ec39069623854cd114dcd8771b84,,383295.951377,5885594.26,23022550.69,-22596.279833,28908144.950000003
1487,0x7b501b990a6a95753c505889fc371af3f329ceb8,,1604.307032,11775382.48,17108176.19,-10728.389963,28883558.67
1488,0xf48f2b695ba529b4d75809d92fbebaf87002e118,,3012.912537,449594.71,28410848.75,-5575.511545,28860443.46
1489,0xf27a966515259b636c493b9e5e44c3ef80e37ce8,,2e-06,0.0,28840683.88,-17793.689998,28840683.88
1490,0x0383a8d660074a05ec96ff32f34b9b4eff88fe95,,26338.442019,3220109.22,25591204.96,-28995.492442,28811314.18
1491,0x9d6468a5ab22fb02f990a778039443d264ef31fe,,497934.052298,12576973.62,16215691.17,148595.196367,28792664.79
1492,0x986b0d2a068fea9d821cf575f3f24f0724441dc3,,676769.960131,8608723.83,20110909.73,52902.444369,28719633.560000002
1493,0x7880597a5aa5d162c4d31b29349054df2914b80b,,152586.210507,290086.13,28426824.09,-26454.823692,28716910.22
1494,0x29d5b46bd0147ca466885a0ed994e1ff71926a2e,,199836.060386,5339384.5,23367720.8,-38222.488363,28707105.3
1495,0x2fef2bd40f8dc6e0986a462c1117054faa965071,,476020.821025,5280179.9,23420911.44,197833.464154,28701091.340000004
1496,0x6f4823e660915982cc7a58ba9287e9d4bb39ae12,,367674.044083,10019107.72,18652903.44,60112.721611,28672011.160000004
1497,0x188b264aa1456b869c3a92eeed32117ebb835f47,,31271.693501,0.0,28667561.96,-62375.618464,28667561.96
1498,0x8a0cd16a004e21e04936a0a01c6f5a49ff937914,,253143.485799,6300281.51,22361552.52,-206992.241013,28661834.03
1499,0xf2d96ddecf1bb5639960e407b133705a812ffc34,,0.493737,2607139.96,26040694.13,-16976.025929,28647834.09
1500,0x85d48e326cb3db87e32af9869424c05165180915,,198432.708482,6847501.65,21771623.68,33173.72021,28619125.33
1501,0x1e083522238d5cd1d9ac4d8e2dc24f9d0334c451,,41486.218014,4685128.51,23933342.25,5644.650123,28618470.759999998
1502,0xfc5270b50bd619afa6ef487bb7e3e580bfefee77,,27114.284395,9966002.04,18633671.47,31476.995838,28599673.509999998
1503,0xa312114b5795dff9b8db50474dd57701aa78ad1e,NAKED SHORTS ONLY,2570204.587314,590572.24,27991212.69,-75549.630057,28581784.93
1504,0x525232cb6ed5030d2b052b36bfc0baec96986ee3,z3ro2,2821773.119797,4990544.41,23572081.99,-306629.622443,28562626.4
1505,0x2f33cf0e0a4d65b19c2f97c186832d33c0090824,,282852.840365,7977323.73,20563997.95,-106165.731118,28541321.68
1506,0x5dd6780b815aa7b393fdb18ccaf0054941d6c767,,77173.61202,2807817.66,25703023.28,22173.184836,28510840.94
1507,0x3260296a29802e2075471c4cc455f51ba5772ec4,,671215.739972,2573309.98,25911502.78,92229.2204,28484812.76
1508,0xa5bf1a3ab11a9c18f8a7424e5beed5696c7fd3d0,,223436.260208,3835683.02,24632853.29,-6048.778302,28468536.31
1509,0xc4c5d406844ad004a75438cfa4740051045b027b,,141474.907935,1999974.06,26444942.39,-9635.248531,28444916.45
1510,0xaa8bcd84337b1a5d354f21a0e617fb9f3eb56480,,0.0,0.0,28440162.08,-12967.644578,28440162.08
1511,0xfd28ee5ea23a5542db41cccc9cda49bd370434f4,,2817351.388478,4024237.63,24324895.12,257888.034374,28349132.75
1512,0xdb498825fcd48eb5150481218a061f7ff22c8311,,52357.601613,11782341.17,16497049.24,-9430.873018,28279390.41
1513,0x9b28837deb55b014f7a37f2812d6ec042ce87ca1,,1872976.788394,5609029.47,22652182.16,165037.4854,28261211.63
1514,0x72ef1c28d282fabf66d885b525d836d1cd1001e5,,0.000137,4268639.84,23969934.39,-28023.042445,28238574.23
1515,0xaa8ecea7d4db9aaf9bdc736029f898ef52abb9e3,,128297.334444,12824707.24,15405296.96,-16849.347537,28230004.200000003
1516,0xad21a26e4f3af1cfc6a006121abddf3e7fa2fb6a,,531960.337894,11009153.52,17211583.13,28943.79116,28220736.65
1517,0xe29ba9b7e6a9662f1b82f49038f7f680abab8ad5,,161772.659832,5016791.37,23182566.3,25643.553968,28199357.67
1518,0x5fa1f0d808e97373f5f6c35c9aa0a7712d2af018,,187.171738,14710.09,28166679.76,-10637.474942,28181389.85
1519,0xd71cd9664aca5faffda676070e605da07911823a,,160393.597564,3780382.08,24400662.02,-248862.959894,28181044.1
1520,0x3b5c5e8026892e1b9df5d7b9de32c5bf2abaf343,,4973.663435,9769735.08,18336020.9,-11437.530802,28105755.979999997
1521,0xc66402a424dda6a3e4b4438ce4c80eb7508a358e,,179289.857611,29.24,28087218.59,-3705.179689,28087247.83
1522,0x5126dba92f424257e7fee79941361d3b38a36893,,51129.182566,1449599.96,26631715.67,-5596.641152,28081315.630000003
1523,0x8c10c675b9aee3cb7dca0c455f4b94d45367ddbf,,98060.15245,5978232.62,22064069.8,-27752.560687,28042302.42
1524,0x16bf84af3f85f8c8a97597bf2be549dfe0dee637,,9090145.800904,9468239.1,18477231.45,493261.844134,27945470.549999997
1525,0xe0c8d0d390454dc98977cf53123244d74c9478c1,,8525.047042,6269640.22,21671770.15,-19387.386848,27941410.369999997
1526,0xd6fca8cfb9168683561e09be829f01a6c2dbc5f3,,1138314.996338,7366021.779999999,20572215.29,89225.300279,27938237.07
1527,0x9aaeadf3286fc2e25752396769b0adaafae2b161,,60754.478678,4891037.73,23039377.9,8121.899408,27930415.63
1528,0x3e4515b004138b523c55fb7fe928480358500ef7,,141655.751945,9194763.45,18729147.54,-60246.989514,27923910.99
1529,0x27d05c41154fb3d2195693e2e71517418a0445c1,,22091.009708,5311793.89,22602823.06,-4478.204912,27914616.95
1530,0x2ff51ebecebb1bc1733d6dfd5aada5a54195e40b,,42537.162701,9742600.06,18042163.21,43939.00351,27784763.270000003
1531,0xd49da316de77b566614bb547199bacc4c9f99082,,57772.135844,5490414.7,22277976.39,2902.923991,27768391.09
1532,0x00fdbb477d1cd363c333eac93fe7eb0397acd470,,358524.374887,6526256.7,21228095.59,51512.600363,27754352.29
1533,0x17f871c90e77d16203753abd0ea5401af03e82d2,,148464.399983,4953258.63,22787989.12,32851.109983,27741247.75
1534,0x2385aae82b8ff5ec9e72f122f3462b9a1b9db98a,,208346.531607,6329712.9,21380755.73,26510.714945,27710468.630000003
1535,0x8925583cfc8f0a15a956ef70fdf17233674b43b4,,287.627943,32658.52,27640643.87,-14303.312057,27673302.39
1536,0x5b588cbb7e3797fffd00bd1c3373e17bd81b09d9,,46125.55689,11618903.04,16033519.07,16401.75689,27652422.11
1537,0xc3602c55a23475df22818f78ac9d84c8b96dbda0,,170758.76639,7557742.64,20093070.79,17787.275099,27650813.43
1538,0xf6e6462dd47a0d83e93ba5aa1da486c9be720313,,14821.565569,5226218.42,22397073.55,-14739.63191,27623291.97
1539,0x3a379da79541487078f49c8dd8b4153ada121505,,98000.823372,2995259.75,24611340.08,-32574.780405,27606599.83
1540,0xbe10fd36393c8b677281d0bc2cf1bb8c98ad4b34,,2679059.094615,4210192.9,23387037.5,726864.20416,27597230.4
1541,0x8716e7a5f60812b6e9664d3c15b44286eab021c9,,3249.48092,4305011.43,23283753.51,-2295.271233,27588764.94
1542,0x3dac271d1b36a434880c527a678b6487ac9c1f8c,,388422.30454,2228315.87,25353386.34,97940.932637,27581702.21
1543,0xe5ea8684ba40557d31677ec4bb1ed1823e63ef3d,,0.0,6035036.22,21531207.02,1779.366265,27566243.24
1544,0x9a80d88c21be60e870d07d852390e92d09223cf2,,26720501.515846,1211389.82,26312206.98,699558.149365,27523596.8
1545,0xd3b665aed28f21a0dfba8d30da8b7749e7f91596,,0.0,0.0,27516294.05,-8731.06,27516294.05
1546,0x79c851adf1e804cc6b0077d876eea7ae8d056a68,,11561.809452,3651287.99,23809983.3,18885.585084,27461271.29
1547,0xabaa03844151735f9455d5f9ab02dab7d3d37724,,0.070142,0.0,27440656.96,-1380.271222,27440656.96
1548,0xf3adc2de54ee9c1ea814f692a9f695c2d0b2b646,,228214.837414,6809409.12,20607980.83,13986.721844,27417389.95
1549,0x97580b4ecc2fbddf4d2f2bb855265758fcd1967d,Buurtwacht,539904.254452,3828746.71,23574821.92,31431.431701,27403568.630000003
1550,0x63d417a577b50c96f4f09148d4e4d70950db0522,,3162953.004793,1363128.47,26004942.54,493668.003044,27368071.009999998
1551,0x1dea823516f68a3d897c38eab6ed34f8357236b3,,6350.337247,3213333.51,24145597.69,-30935.111685,27358931.200000003
1552,0x1313d08233619c6ebecf84465a85b595c6b2a5ce,,214900.002993,6264959.96,21088354.64,87107.277827,27353314.6
1553,0xee7cab06bcc6e57367ad5aef51443bc30c73aac7,,1e-06,8363234.03,18985749.57,-14921.65,27348983.6
1554,0xc5810bd85359f0acd007eb8de01d015bab7103df,,1643.895903,1999.63,27345538.37,-122634.355143,27347538.0
1555,0x05df8c46c75a06ee097c0a90f9fbe8a11a4eba39,,186268.244358,2925987.61,24328272.53,-48157.00583,27254260.14
1556,0xd71a41ec000089ae99873afb4d15cc7d54dd95bc,,19531.02223,1332509.02,25904524.27,-89372.542824,27237033.29
1557,0xfb41fac71418974b3093b111dcd6f05fe7e1c361,,334358.91687,4977256.83,22254412.14,220645.271302,27231668.97
1558,0xf9fc0730df0355da336708add93dc1962aadb1d0,,651012.8727660001,3168057.65,24058717.65,102782.685552,27226775.299999997
1559,0xc0959a1b49860d8cb9109703cbf9c034d5245170,,41708.738991,2859544.33,24314128.52,-53612.575268,27173672.85
1560,0x0526345bf8e09eb32256008c2844c8949ee3bb9a,,86202.569817,2926361.6,24245203.72,-4496.569213,27171565.32
1561,0x6f31fef250a34a025f7784a2e3a02b4921b30394,ibench255,9095.92909,6078978.17,21088621.36,64281.295,27167599.53
1562,0xbd6a65ef504a12f0ed8e8dfd3253b02ebc62c00d,,78852.580671,3321361.8,23796955.61,3013.748207,27118317.41
1563,0x721bcc0b3927f21b1b072240bf8031f9cb3c90c5,,11467.247217,5379564.8,21691146.68,-6060.264635,27070711.48
1564,0xc7cfb1dd782b11f25bf55b2512fdba6fe569c963,,46867.231567,13515496.2,13515496.2,3923.97,27030992.4
1565,0x9417f0013ad79427249dc7be79eb31acad7fa3df,,3977.323534,38490.52,26972644.95,44043.86716,27011135.47
1566,0xb33b01c9821a99d3d4ec14b1c9a2197524b9af97,,5622168.157394,6416998.09,20586357.25,-125710.091975,27003355.34
1567,0xc8c824d1eda46142629c73b26fd169216cea1b50,,6.704202,0.0,27003271.8,-22880.040402,27003271.8
1568,0x08dc96d0f42eb905ffd6a05590aaf1120f34c948,,157840.244543,0.0,26977448.41,-17226.16,26977448.41
1569,0x6b00ea6fc7a9b699ce17bd7825bc16d45d2b3455,,84096.725035,1713598.7200000002,25220173.59,-52594.083322,26933772.31
1570,0xdeefaebe889a21f4a22552a23a1c57b2b70d2d1a,,89609.590733,9190594.16,17681848.14,-61164.844487,26872442.3
1571,0xb829fd12a23c88e0f1eb85238799f8fd400a3a81,,6402099.899353,906774.13,25949622.23,408095.701826,26856396.36
1572,0x4fe1b11b9eb2c9b7c09d2aca403da18eb9792548,,5446423.3262020005,13425448.61,13425448.61,178189.95782,26850897.22
1573,0x42c056dd319925d0bce77911560fb79cde75a5c3,,10793.395438,2180269.33,24633839.92,-69429.806703,26814109.25
1574,0x83010d47a3b302ca7ba9d0d742ffe1e8e579be6b,,50400.409966,6008330.77,20799364.44,54060.306523,26807695.21
1575,0x0c684f333a7e120bce61383da670bbb0157e82d0,,1526291.656203,431753.31,26374506.0,193461.639696,26806259.31
1576,0xb60039de9fd687b7296f7b50de0df2852347df8f,,124738.006126,8206041.28,18590600.56,-16381.683874,26796641.84
1577,0xba5d9cc840745aeeeeedac5712e32f13ab8ea352,,6600615.213271,1340400.14,25407581.6,-3119512.751284,26747981.740000002
1578,0x3bff41f9cf60e628f56f9a16e0051dab9d80c77f,,65821.146957,4072076.6899999995,22661436.57,21760.478335,26733513.259999998
1579,0x09d1f9fd0cfabdc2279f1c1602b7becfc4f9db87,,76744.819689,5469180.0,21255151.77,-8526.802355,26724331.77
1580,0x9b37aacfd3fb918181f811342ac08adfdd98e357,sunbather,55338.311207,1337947.11,25380702.37,14096.589054,26718649.48
1581,0x8aa8d534596d5c6f2eba9d9c2b8315d5fe7e1823,,381.814679,676157.05,26030091.14,-32828.990357,26706248.19
1582,0x2af5e5de83c1eb464b3b995faf090fcb3e500ad1,,0.01807,0.0,26698450.01,-87367.59193,26698450.01
1583,0xea0027b6ea9b6d7d401b5266979cc3b3ca87a918,,18280509.011198,7302886.59,19390152.81,3306321.79599,26693039.4
1584,0xe1ee9e80e9cf310aef6669e8a200de68fa16258e,,171495.530159,3522075.48,23148092.89,108784.138586,26670168.37
1585,0x421183f04d68d0c2c68e27f07ccf84cd8746b9ef,,269987.552773,2979719.29,23685014.88,108839.735759,26664734.169999998
1586,0x848aa08a594a14664685e7bbb3a00e38faba4f2f,,3034914.507426,9178525.31,17460347.65,170407.501641,26638872.96
1587,0xc8ca2c90bcb6c088d5e03535a5c9e17897eb53b6,,148904.125376,6379830.69,20238033.1,-10282.086446,26617863.790000003
1588,0xfe572cd2665a456eec85d482c6db102bf8d5d850,,1e-06,0.0,26557829.0,774324.5,26557829.0
1589,0x34efcd07bb59121a9b6011097f7845302654febe,,214940.733847,5107156.53,21445513.61,33517.116515,26552670.14
1590,0xef3d048fc644f8cce5f1b46aee95c0f8987d02a7,,977241.4750390002,4300689.65,22227608.11,39352.814228,26528297.759999998
1591,0x25a45b2d03d9145a1bd4463f9545a885dd2df2b9,,287.657233,4873618.38,21648249.32,-14070.185456,26521867.7
1592,0x72fdadc3f9de255eb75ed816b2e036ab0a822ef7,,50313.320026,314558.12,26204194.84,-330.513739,26518752.96
1593,0xca5d54391006e79770110be2075c24c6699106c5,,84206.03101,5114042.22,21345219.07,-90175.616672,26459261.29
1594,0xb8f305f27ccc406373de0082cc06cb1d065504ea,,799977.835487,6532612.32,19918513.52,266003.175487,26451125.84
1595,0xba73dba92b91a530934ea195508fda988064016b,,148173.455503,2468914.12,23884061.9,8606.426065,26352976.02
1596,0x9bbf40a5cd58a832696c1ae903459c6c2e930150,,4.650423,0.0,26349395.46,-62642.512652,26349395.46
1597,0x6e0462b0aa7e56517354b2e7e64281163e9a41d4,,10607.826246,3984486.1,22332085.53,1023.822351,26316571.630000003
1598,0xe806cb6bbb636ef4f35606d027ecc0efc9c27f88,,32580.952191,2509574.48,23805729.06,-54473.115635,26315303.54
1599,0xc308303fe77e78dbb6cce55bc856a209eac81571,,844.157539,396146.71,25918683.15,-42622.170643,26314829.86
1600,0x60b081bd8ee2b0e5a2b8f17503322cf7ee7a991e,,8746598.904316,0.0,26309512.41,902636.770067,26309512.41
1601,0xc99989e3c12dc31f72215fd813366da6467ecd03,,44004.865991,3051258.51,23244815.11,-27664.264231,26296073.619999997
1602,0x119727591a4b4aa2db4833f5ee884a5188b1f8c0,,63408.607205,6697258.16,19598390.01,-69037.342795,26295648.17
1603,0x123dbca6a27005a3c4ce10cb66ee8ece8fc13bff,,6737866.131486,4931772.27,21359035.31,-3611734.386058,26290807.58
1604,0x0424d6bf39e35d21af32014257589040c1055cec,,7752.748673,1433458.01,24853207.43,305451.24,26286665.44
1605,0x6fa50b6e7be0e4df463b343114424ebb3108fd1d,,0.003817,13085153.3,13085153.3,24541.403817,26170306.6
1606,0x7e06469fa39985fe7faef57545e6a54d0909313f,,781613.692466,5274494.39,20869676.61,195746.22258,26144171.0
1607,0x2339dd452eac58b076ccf19a1fe502a7d473b122,,34738.91564,0.0,26117258.28,1288.601127,26117258.28
1608,0x4fa343032358bacba30352f0ef0e54115e019700,,7337.156768,4208650.52,21899879.8,-7405.631435,26108530.32
1609,0xdc04703855a5fd08f577a22f987fb41e49348a9a,,59728.598513,5069720.95,21036709.16,17429.83164,26106430.11
1610,0xee423b976251db40f1e66961891eed136fe8a3c9,,1712.63585,9200203.58,16899988.9,-5467.40415,26100192.479999997
1611,0xbc3135e64552c95d11b6cdf930d12608aa8b3cbe,,588155.143268,4156686.87,21938564.24,24725.960908,26095251.11
1612,0x82f6bbe8a73384ff70e933632d54c6790ff512ec,,21800.106794,8351178.64,17735272.45,-25040.983206,26086451.09
1613,0x47537fa2f845603bac02cb03c719bdc8c7eeb224,,1612.565406,7552070.17,18499168.34,21532.315406,26051238.509999998
1614,0x67b3187b9c13c41aad96c97116f6e4d4f478bd2d,,5.564833,37965.6,25997367.16,-9214.72373,26035332.76
1615,0x429663f2b8ac49ca67cf30e82d59b1bd12c0dbaa,,31766.204491,7084481.32,18884239.62,-53234.27,25968720.94
1616,0x88250cf2f6402e856bc85fc65095e4a48bb12cb7,,1353105.986658,4237995.03,21699884.46,34571.956819,25937879.490000002
1617,0xd1b20e5e2cc160620bab2706261122d7c170c224,,43717.251344,6469277.79,19441720.77,-17696.693215,25910998.56
1618,0x5fa8e98a05c5d2da68b284616b1005498045ec4d,,44469.83676,598378.39,25309922.35,56704.839254,25908300.740000002
1619,0x005844b2ffb2e122cf4244be7dbcb4f84924907c,0x18aa...8d92,6365853.576019,10911337.31,14972279.22,109850.525739,25883616.53
1620,0x298d7a88e29241465086967fc5265fe5c875b175,,1245703.174306,6832849.33,19023449.81,158155.039507,25856299.14
1621,0xb57b136eb4efb89b5dc4526ec0b01acddfa9716d,,9453.846723,7453686.56,18393035.64,-5907.85,25846722.2
1622,0x7f47bf4025bd2178741058a10cd829e406ef4d0c,,5542443.959372,1746242.13,24081607.23,242165.215183,25827849.36
1623,0xb866aa6168975deac50638ffb818ea7753f7df60,,33162.169039,7201389.93,18616476.0,17223.110782,25817865.93
1624,0x74ea451bb4481aa283292d8afd5f793ce4d52c93,,14228.407904,7441018.72,18315622.99,4702.923294,25756641.709999997
1625,0x60468ba27448f88b19f52ed02f1a8c52f7a0b21d,,7784641.754363,0.0,25754396.87,1553155.191785,25754396.87
1626,0x6427c87c0488b97ecb98cdff7d00f6f0ae0e287e,,29473.786266,2627683.73,23099531.74,-63767.838767,25727215.47
1627,0x7b24911991d4baaa082260ec34f020e0d8154e51,,50.573891,972615.35,24728991.52,-68395.426109,25701606.87
1628,0x654b7cbbcfb7bc3c84df89cee63b7b3acb909a0b,,2931.33464,179285.34,25509133.65,-11540.73536,25688418.99
1629,0xc5479fece226a3b62c0b8599252a58237359a652,,26759.16764,4954251.36,20718005.04,-10530.66852,25672256.4
1630,0xb1b36533f4a9a91f15db67f4bfdda837f302ae8f,,1129975.339615,1193244.56,24469095.25,107527.00667,25662339.81
1631,0xb5a8b479a1f3c5b5c441f46527f65cbbc7d19cb2,,51339.711817,2661408.72,22921185.6,-64385.038183,25582594.32
1632,0xa55a9a19f5f5e18cbb6b5892d1659956663a1f35,,1245573.939312,0.0,25581446.3,350057.065008,25581446.3
1633,0x46fe1154175168c0eef243a9197dbf894d6fc655,,1734.178392,7066508.12,18503482.69,-13612.033922,25569990.810000002
1634,0xc9ad352469cbb7bbc8e0d1538aea7080cce34f94,,0.0,23596.96,25528751.83,-34295.54286,25552348.79
1635,0xe912cac1a6641004a8803687ee7699227fdb0550,,1406268.199756,5562562.96,19979710.0,459009.741743,25542272.96
1636,0x11b66230351edae1bd5b9c1a385d9702ea107558,,4347.015016,7219758.45,18294634.08,-5425.39963,25514392.529999997
1637,0xa21fffe076168c7324a3d03e9c6b2ce3bcf1e4df,,17847.951175,4776717.44,20702928.94,11081.97495,25479646.380000003
1638,0x63daf32eaec75f5399c225f78c05f1293b6f8add,,314089.664575,6800058.96,18653255.05,21726.98,25453314.01
1639,0xa250882559e8c959cf84724aee96697c4740e1bb,,8160.897056,4248319.41,21183749.07,-13002.887767,25432068.48
1640,0x2b219e4e11590d9484509c4659b50fe2a6f01a10,,117150.449743,3861157.78,21555625.04,19953.562671,25416782.82
1641,0xa7d3e88c80b5c89860a7291f083ead7cf21f6aac,,161539.789135,5353770.85,20046044.69,-2688.539708,25399815.54
1642,0xb0088e7991b62ef58483e5f524ed9d482e5bac8b,R9.,1819160.940499,1867936.43,23528799.15,657746.539614,25396735.58
1643,0x072f7eff93b27a839070af60bd1147429405d866,,8080.517135,6388426.9,18980201.87,-25182.252865,25368628.770000003
1644,0x165963e2e4e894b961bafac39c1bc0c60f9ba2f4,,12922.451396,6006389.4,19320864.54,-2870.894482,25327253.939999998
1645,0x6aaace278e10ff05cb9c06cc8486f8ca4d249962,,9167.283672,4569994.09,20755954.07,-75201.26157,25325948.16
1646,0x5eba2457097b31eaab734b2592bdfe3d5d21a960,,152275.326583,2995954.47,22285153.86,30917.010949,25281108.33
1647,0xd58b5696aa104b54e0ea2499a76f406109e81a52,,65577.864797,10654044.8,14608853.27,74016.874797,25262898.07
1648,0xabe6724948b47deb99ae12fce930ea4b35d51d99,,324178.134439,8033827.4,17223299.22,-1040917.213868,25257126.619999997
1649,0x888e000c78b8f1aada5b3c99f880794907b76d77,,2410149.671125,2365603.3,22880108.45,350923.599906,25245711.75
1650,0x4e55f58ca9ad5d5794e15f4e20c9499c4fa5c127,,399952.340071,791746.74,24400250.76,-71892.648089,25191997.5
1651,0xe3129de64187aa74246a4334d49bfb17c2cbd178,,40187.397884,4017194.36,21155507.62,-2378.009104,25172701.98
1652,0x437302fb1b5c75fa97e104141d20d9582bfad7e7,,1106.400904,224009.82,24935168.02,-23587.421189,25159177.84
1653,0xec9045405a878d01cdb836f82a6dd2abd49a169c,,389441.902194,4519612.42,20618165.62,-516019.780785,25137778.04
1654,0x29d2b45163361cf490d7f1263fb033e1f19191ed,,17287.031136,2424742.99,22680004.52,-29652.862125,25104747.509999998
1655,0xd344955b1e837321108169ba458862d744336317,,0.688094,0.0,25088046.51,40481.147743,25088046.51
1656,0xc65e9c99ea61d78c3fe4e54f63229a69317ed0f7,,21328.142869,3767609.29,21314475.33,-34848.800004,25082084.619999997
1657,0x3e78225904a41656a273baa393d0a38253a273d4,,376785.324993,5370878.57,19693740.73,56691.441621,25064619.3
1658,0x421e4905ba494dd348e926a82c926b9e020b0c48,,92984.077151,5623406.41,19438649.52,94083.871896,25062055.93
1659,0xd43e2ccbf30edfc68b7e4daebc042a9effd6c2b1,,130644.629735,4701221.34,20355670.1,32977.804575,25056891.44
1660,0x938a6fa1913b2477a2e1572ebe68ca624eedac58,,9709.634867,2041418.7300000002,22989679.569999997,-40.850835,25031098.299999997
1661,0x44f4f40d7c82447b2d23c2e537703016874ffab0,,118813.617895,11017119.02,13983074.32,20378.796981,25000193.34
1662,0xee16198171b3cf5c96af82e538d489f78935fb67,,340826.342496,3228254.21,21771809.21,143496.291631,25000063.42
1663,0xeb0f432beecf10dcc828fc1e36a3386caf634637,,1597870.550073,173347.61,24815186.67,415042.089255,24988534.28
1664,0x4378a374231ad915c6b93349521a1955808c8254,,625.903598,630396.9,24346945.67,-249077.373168,24977342.57
1665,0x6ba1f2f6075ee01c99aa14960c60db6e28b60264,,247271.15075,5087964.6,19828715.92,126071.661793,24916680.520000003
1666,0x8b8ed3d4775e6a76a82f022ab62281a2974df1ca,,316218.092588,2980408.56,21930266.52,72065.836784,24910675.08
1667,0x9d6b8e24197c478cd16de94bc357b01bf957140a,,0.063018,997949.17,23912126.01,40293.600465,24910075.180000003
1668,0x8c783a3877bfab4e318a7dc521157cc89f85202c,,100013.847909,8797321.53,16062381.69,64899.98259,24859703.22
1669,0x641edd3f198101eb13ce9228a415cbf02b62b6c8,,1468500.3793930002,3495248.81,21360889.98,-817106.512757,24856138.79
1670,0x4e360be6e939c27923124e7788f549a1a9f1b795,hungry cat,245088.742366,5045448.37,19806367.11,113094.546166,24851815.48
1671,0x4542d15ef312fefc088ad737e4523068abb958e9,,298120.800835,2625702.31,22223611.12,19079.83842,24849313.43
1672,0x91adb5142803d6f31b31030b65dfea1ed0049890,,62547.831307,3276110.76,21549367.48,-30376.625382,24825478.240000002
1673,0x3bbe8e02f72b10c9698a6e4375b5a19e53fc5b40,,357407.339202,8072118.89,16744886.84,34640.349067,24817005.73
1674,0x7e3cfc056e0f354b43f7f063b859c1507619404e,,7513.538228,9609453.46,15197065.77,200.939833,24806519.23
1675,0xe87cc392a3d4c6010fc5b29cf42f075768046ef6,,9326.489447,2380872.45,22393592.03,-29030.510553,24774464.48
1676,0x3d4873fad12d29ac2bef7d9953c72d8c3310deae,,111552.84058,4644462.3,20109955.42,32935.380406,24754417.720000003
1677,0xfc85ab5856092d802d223e3f46ebd470514da21f,,237291.647407,0.0,24741763.74,-77971.623518,24741763.74
1678,0x876bbc52c64e1e34e68d30a18816d651aec2cb46,,47060.183157,3392536.38,21304854.7,-8049.162773,24697391.08
1679,0x699ee2ae1223008f599d896e77fc3b0299ed0952,,84446.461122,10287010.39,14383627.96,2964.06989,24670638.35
1680,0xc4cc8ab3934d2b4b08e03018aee1ee295a1917d9,,14040.080384,3789263.63,20869584.46,16225.353699,24658848.09
1681,0xa26b1dbe4890fb19d1b94e35bc7f612ecb892f4a,,59090.617791,987743.55,23621305.23,13592.361047,24609048.78
1682,0x1317ea30e98a643fe356f01f5bc33cd0756044cb,,143919.74403,6196664.67,18392191.44,71042.708239,24588856.11
1683,0xda2e28fdbb03592455575aa9ef65ad868bb68924,,5119.750907,3242274.75,21325841.29,-52815.420867,24568116.04
1684,0xb23c4c38c66559de0db64c897c0746f254622d39,,544249.703001,6580901.420000001,17983741.68,45081.383614,24564643.1
1685,0xb705b7595411e3cd7adb916fa400ee450c85004a,,96517.544327,9083580.23,15480994.16,24391.223733,24564574.39
1686,0x1de8fc67f90451f0ddd8d5fa17d67c9af31606f2,,81332.188562,2851155.83,21704971.15,-29367.736926,24556126.979999997
1687,0xbe504fbfc1ad30708a79f5821ed5ea6eef1a877b,,1122363.297892,6595128.4,17944533.54,268625.577806,24539661.939999998
1688,0xaa8253fb249498d0b6c31106539aaea0c76b9556,,3651344.094194,7585469.2,16953567.58,160119.370411,24539036.779999997
1689,0x22504e8da6acf4756d2216ef947f525b0ee6ec0a,,899186.4682829999,1426321.51,23104621.939999998,16346.454563,24530943.45
1690,0xc175e89e9327019c8af448d00ec71a289da83d6b,,5892.941959,984131.56,23535689.200000003,-42474.069748,24519820.76
1691,0x06a2b18bc909bd7c7ab80f205c6024a10495e0d9,,80004.664741,4709881.57,19794756.15,-69995.392621,24504637.72
1692,0x8269aa5a9e3fd8773885bb419c8e625b744719a1,,68650.46254,4496890.68,19988069.39,-27008.353358,24484960.07
1693,0xafe4b3fb69024f240dce32270dede23c85154a21,,2913923.833732,3633884.57,20829305.73,148432.832408,24463190.3
1694,0x9b0de5739e6c71ac8b1371cb8e450b41b26f451e,,32042.481574,3891743.9499999997,20554265.7,-3406.280911,24446009.65
1695,0x8c39b7cb82b9d791adcc9387098944b635c17b32,,247681.016689,2616321.92,21815569.04,-9115.069472,24431890.96
1696,0xa7405ff2687cb83b8a8a08eeaa4e4bc249344d23,,1227.117551,671067.73,23755441.87,-26521.95337,24426509.6
1697,0x5fd21469ccb70dd5b6993995df727a56e2b3008d,,75977.652516,6449147.18,17963686.7,31657.513279,24412833.88
1698,0x0804213c20c7adf1ed3f69ff2768d245c05c5c93,,46193.073476,3567165.5100000002,20835937.349999998,-328.341754,24403102.86
1699,0xaaabec90c8c4c90abb0ecb0c31377e7dd2ad8052,,6921717.244318,4317187.12,20072327.63,-282040.435953,24389514.75
1700,0x7c542bc686c47e7f6f77dc807024540085343e21,,340331.15678,3201591.97,21167980.37,16793.176913,24369572.34
1701,0xab59fb979ae9042ae23bfbe5bd1eb89b7f5659b5,,712219.306143,3657422.4,20703093.72,-239575.756223,24360516.119999997
1702,0x67ed53ea9c234919c8fb6058d971275bb49f623e,,91443.106834,2562163.32,21771696.73,12478.294792,24333860.05
1703,0xf08ce2742192a08dd7258880da2c233c56d72b57,,296069.39209,2491399.6,21840179.56,54100.826494,24331579.16
1704,0x4e31ecf36d9d57a32010fc9dd80f2ddaf5d78442,,9936151.138181,4943477.22,19349078.75,0.0,24292555.97
1705,0x27b8de41a06623a72e1ea72d38a8fbf547cd12fc,,4737418.44604,3230920.98,21058238.21,801777.426531,24289159.19
1706,0x35f058446b6e350522f05c8d54e7dd8ae824f935,,13842.374297,11170.86,24275124.49,-44931.164926,24286295.349999998
1707,0xd201b88335d8c2c2d144db58e1846d0d723a191a,,4193.460943,4368705.44,19853063.02,-14213.676714,24221768.46
1708,0xe35cc23c049b4db57c263c4d4863280a0f5ea1d3,,1136360.238684,9132869.98,15042003.71,387091.390858,24174873.69
1709,0x570536c56f4ed8df9c4636bafae009f7c13734f6,SkeeL,56158.758178,5889186.07,18201586.68,14236.420957,24090772.75
1710,0xa94f066de78ebb0d6757ba89182865c1fda6cd0d,,0.0,0.0,24082640.07,-32258.270091,24082640.07
1711,0x61432cf6de2ed8adc7e2bc1da96dfa354dc11fca,,0.000261,4325775.52,19733939.87,0.0,24059715.39
1712,0xa5fd942d4badbab4fe84a9e10f565dd40d5f15ff,,2566067.592031,3268975.93,20790644.96,432033.466855,24059620.89
1713,0xbf6dd537825deeec24eb456e133c91b8d014ecc0,,970527.067787,1990879.97,22044829.87,106832.257838,24035709.84
1714,0x1d283b8ea51bcf6cad002d34c583adafdb15bd5a,,1111.54374,6028292.81,17997021.35,-2041.354892,24025314.16
1715,0xfcf1dd2d209aeb1323dd9a0f2ea65187c84d6c8a,,4346086.176579,1850560.5499999998,22164795.35,31561.599319,24015355.900000002
1716,0x320366a4e93026784583a29458827313605b2887,,793634.415414,4631569.14,19364266.48,30634.080813,23995835.62
1717,0x28280399d9afd68a3555c65ca6a75a1bd55693a0,,270123.305769,5349840.57,18645112.27,120819.425368,23994952.84
1718,0x71b6f48a30532d5822af3bf3816a87f066f901be,,188208.680828,4023149.93,19969567.61,-47388.413661,23992717.54
1719,0x8109ac9d7d04fc03f0af99e484070994fc5b631c,,230983.968176,9665387.15,14320767.84,9492.406164,23986154.990000002
1720,0xd35f99fb86298276cb912a20598f67a4326ccb2a,,58695.095347,1635619.28,22304168.99,-33125.05816,23939788.27
1721,0x18842d30863c114e4c6986db4e42fd910d68e034,,86097.453311,2213331.89,21706816.89,20324.660509,23920148.78
1722,0xc685bd7055171cbace880e3ec24c092919ed3355,,66266.186243,7098892.82,16820210.91,-14181.165831,23919103.73
1723,0xb063be3524f69feb8e19e86c73bfbda967ffb211,,1.003048,4836768.97,19060074.6,-10949.268308,23896843.57
1724,0x94bd6820cc6d9f8e59d53183cf93454e295e66a9,,45223.074837,6724642.41,17163477.79,-31971.194923,23888120.2
1725,0xd5d29dbf880eea93d4ed2ccb79c642bde0a48480,,713942.883084,2066414.39,21767960.55,19584.14531,23834374.94
1726,0x04850cbec02007711892cdb4bd09c800f95d6fc1,,52224.996178,7966.3,23813945.5,7999.03126,23821911.8
1727,0x74add7ab00f01d9f8a12331e19dda66b93bf1b9e,,127906.450173,3269354.67,20524019.28,-14206.073319,23793373.950000003
1728,0x357453b3d5aa2a70adf1d8f8a7eec5aa46787227,,5253040.291486,3103677.67,20689102.41,44796.391486,23792780.08
1729,0x66a4dec92776fc33580fe5d5fa4b52ef505b91be,,454959.516572,2191373.04,21590550.94,-32533.139062,23781923.98
1730,0xfa2dca328d8cc3b47dd0f9bce6933ca4531e08fb,,0.517833,0.0,23770273.84,627443.804806,23770273.84
1731,0x68b44ea0b78aff90e328406768bedcd387000d31,,2753.501633,5252298.87,18488450.79,-5856.280107,23740749.66
1732,0x69952c8b83a83c1440be098776b7a2dc8f55de93,,153667.278615,2692966.79,21037902.03,23135.520997,23730868.82
1733,0xa4622b0b9aaa7690de51ac3044744dbe82a79df8,,93839.393171,6654825.45,17053613.54,30865.201783,23708438.99
1734,0x588f53fe31b0202c18c478676753cc54a96fe3b2,,520031.786256,8308257.54,15381354.31,71338.930051,23689611.85
1735,0xba67690d19571752e0f845acd48b3349131b723b,,884127.977493,6877972.29,16803972.5,39762.658143,23681944.79
1736,0x30f4fecfe00fda1f7199470f652b23484103890c,,83009.852253,6179869.38,17499944.71,-36885.225592,23679814.09
1737,0x3738330a46f87e421ecc8b9107490d16e8832c74,,26293.452871,236603.04,23419118.19,-34470.99463,23655721.23
1738,0xe4a5a7f7931ca63d6505a535edec6185660bc731,,173438.828251,6724964.42,16916829.36,47170.602576,23641793.78
1739,0x80e9179c37ef8e4e9727aec19b2ac312758b5e23,,1.504288,6072077.59,17562814.74,8911.744288,23634892.33
1740,0x0898fa5c3a02ac3b3c6a75d8fba1fcc0b9a14cf9,,623008.500986,7936162.11,15658824.46,-49387.840565,23594986.57
1741,0x947e28189a986cf8ec35b9ad62627c9a61dcba5c,,0.0,0.0,23575671.25,-88409.23,23575671.25
1742,0x8655d3d8a3de5c1008360a4f93e1d8c8dd87dba2,,189616.101204,1196307.73,22364808.27,40417.041498,23561116.0
1743,0x781e95fdc049433565cf8e05265361b8402196b7,,4096224.697699,8774397.35,14778791.92,-3366554.945562,23553189.27
1744,0x581796f091e9304d7796a86916886d95fa544dad,,179759.859105,2674381.32,20868742.04,30296.2532,23543123.36
1745,0x4f12b217aa59e6d3e1f91ca2dc96f9543576618b,,1696776.443715,0.0,23537620.69,325237.026437,23537620.69
1746,0xbaa926cd63a33cf3102994a0997430b44032a060,,7918.620229,3548338.93,19986906.97,2455.21041,23535245.9
1747,0xc209c056358cf9ff5acefecadc28fa1fa6d755cb,,58267.527416,5608978.7,17912840.96,17680.897299,23521819.66
1748,0xf524d20408d9f426c74903924941efd1aae5e59d,,337382.281416,2138235.19,21353953.53,-37171.278172,23492188.720000003
1749,0x017ac6dd39a622b7fcd65f45fbae171f1561104c,,875685.2014469999,7994249.49,15489583.14,47098.103682,23483832.630000003
1750,0xd04f97191224cf0396b09acb80adb06b5823ecad,,938069.906592,3983468.39,19478290.83,-56256.189439,23461759.22
1751,0xecf76db1f22a4f74c58625102f7946d58a06ae8b,,102470.44937,9927633.18,13533908.17,-6725.042173,23461541.35
1752,0xe2321c8324c1da7b3ba790627d0e4ee444188a23,,14182318.187774,2974115.7,20483595.46,2366179.0624920004,23457711.16
1753,0xc56891f98eecb32926abb8d627f57c99e6536ecd,,941762.021321,5198530.73,18258900.05,211119.790197,23457430.78
1754,0xa70e4fa4ebb07466d547f79c8b4f6bee7ffaaf60,,122656.847149,2522324.1,20883416.68,3607.039688,23405740.78
1755,0xbb1ac608e3bf90b73fa782007878205644c890a7,,389434.110933,3581426.65,19798215.46,-328943.01035,23379642.11
1756,0x34dff2fd9ab1bfed2e8f308c3eec99e54beb6609,,410625.265808,11680125.780000001,11680125.780000001,45066.649046,23360251.560000002
1757,0x0a12f3185c10a5a6356cdf6ee91c8f0cd3d06f5f,,3890.496162,1978711.91,21377514.97,-115715.451444,23356226.88
1758,0x691af5698d75b99ab9f565cfffb7e27f14f58774,,10.004407,0.0,23355846.71,-31090.693006,23355846.71
1759,0xf721e0e73bf1cc736276c152ef97b141179cd56d,,467352.631595,6364998.22,16985634.13,21623.244133,23350632.349999998
1760,0x96ef7cf2f781579aa499e9e04f6f1ce6244149ac,,1190149.648732,3243103.23,20105138.3,14707.567201,23348241.53
1761,0x9a3a85b19867d1de3840e6781940ee4a2608522b,,304753.010978,3664078.42,19676911.64,3097.9919,23340990.060000002
1762,0x6a2fd5998aff8feede7c8e654cdd2dbe5da6e730,,46361.999248,10403868.99,12922217.92,37209.749677,23326086.91
1763,0xf97ad6704baec104d00b88e0c157e2b7b3a1ddd1,Loco,642839.570863,4711839.4,18603563.3,67178.686429,23315402.700000003
1764,0xd46a9f85bc59b7ca04756481246086e4b3549db2,,39361.154681,5066534.05,18234665.93,-55578.328369,23301199.98
1765,0x92a2163b8dc3673f751f79301005c138c716cc26,,206205.680548,5890501.78,17404996.49,7232.991183,23295498.27
1766,0x8ac30d20d62be263c1ad3d30be346d123b3395fb,,23861.149554,5477820.63,17794309.63,11603.386088,23272130.259999998
1767,0x030330e4523b730814e31c7e8f80a5e3fa847c70,,871781.385134,4319200.44,18914424.0,-10886.519127,23233624.44
1768,0x8c84d55e30e0cf93bccdf2a103af452d82c51621,,33122.829928,3615294.11,19604737.88,17322.476925,23220031.99
1769,0xb7db8de9cdcd914f08106db12a9097d2e29c9b1a,,45456.822339,1251664.57,21946699.15,11054.837415,23198363.72
1770,0x50a7f53a14a04d91b791e996b7d7a144ea93f053,,5564.138938,5245659.17,17922365.79,4951.16438,23168024.96
1771,0x489b22e1ce4f88e7ec7e987d7251770ee9da4764,,902214.448938,7431781.33,15702171.21,67095.808938,23133952.54
1772,0x059b2ece4a49414f63f3d5172ec0cfc92d0c52fb,,4.542487,0.0,23126897.4,-120247.807842,23126897.4
1773,0xd4a22e7318faf2c73e93eb42887a2ce64467ec1f,,189772.000588,9121318.24,13995296.8,74756.565806,23116615.04
1774,0x356075de9189345f2b465fc7cbbe4d5aeb91180e,,14122.602187,2209282.57,20829950.29,-22839.221035,23039232.86
1775,0x03d92cde581cd9d3d0f9caf98a02c8fe28382178,,14625.679162,6416296.45,16611796.47,-3673.147399,23028092.92
1776,0xf70fc7a51c1e0d85a3c287814e13c6785542d1ff,,0.004409,11149010.77,11871103.05,-16798.159902,23020113.82
1777,0x5553d02469d07d3d6a76612edc718153a6473001,,14368.976723,9109975.3,13898218.56,-56463.03,23008193.86
1778,0xd74da9d828888f0b128c292b0ad5a5aca43e5e32,,479950.499858,2005306.95,20979590.22,-57420.76208,22984897.169999998
1779,0x49b48cbcf7599648dd6ec308e4fe72ab4d79c355,,12464.704609,9557577.22,13424520.0,-13199.885391,22982097.22
1780,0xd45a766fc4ba8b785461c5699f1f1047396f7260,,41656.594965,5699731.69,17272343.59,20142.026559,22972075.28
1781,0x706d2ac4b2a7a1e89b64b014e76b5b504ee51d6f,,82050.7235,11483105.05,11483105.05,23473.1235,22966210.1
1782,0x3026f01e2449d9fc2de68a7b455838396d6921dc,,31281.803264,3308437.15,19637933.97,-14933.874604,22946371.119999997
1783,0x010c8c37a59c13ad87f86215ad9db96767e1687c,,397745.619516,7034965.09,15900230.52,50937.889516,22935195.61
1784,0x99d98698e73eb3c323b9881eab24dc9cf72fdcef,,1991594.35736,11435958.68,11435958.68,21309.218102,22871917.36
1785,0x4cd1a752edf6b31b395f87c42375d2b2340feb1d,,14112.005073,6494986.92,16367796.04,-7225.794626,22862782.96
1786,0x3cf8abb3901057330aa937d24d9bc952c5c3f85f,,144939.471435,4889115.76,17965658.63,39941.111435,22854774.39
1787,0x799fb74ec743a65865bd80e30bed8a2216a15f4c,,1780185.099668,11425987.53,11425987.53,-119813.700332,22851975.06
1788,0x0dba70c7f8405308c0c741f31a0e09167c20c45f,Ryosuke,361334.403787,2614359.95,20237452.24,61342.305966,22851812.189999998
1789,0xa89a1f2432b6f1a5cf2cc894648edd8fbab0a492,,0.040504,0.0,22820007.34,-4796.028076,22820007.34
1790,0xcd532243888d26791881064e24d4a25fd0041d98,,723302.461567,2544873.94,20270905.62,47432.044066,22815779.560000002
1791,0x09f92ea3d2d80e83d2e8fdef045b43778bdcdc1c,,317003.954284,541829.83,22273057.0,207004.323496,22814886.83
1792,0x7d0fea979d2817a91679a79b65c732cbf228ea35,,319859.503466,6871317.68,15930595.12,31958.965991,22801912.799999997
1793,0x842caa394858e96d01a0312fcaef58b6e73e6f4f,,73513.613145,3585366.06,19142670.94,6224.384714,22728037.0
1794,0xe5048b60097cff12e37db57e74f3e4b5428492b3,,203319.829115,7361685.29,15362034.55,56361.466239,22723719.84
1795,0x572cf45ec7f889515e1771f24bf1220b727215ee,,101044.015676,4186174.84,18521923.67,6250.033559,22708098.51
1796,0xad9340f7feb632288531000862b5ceca558efcfb,,300923.3899290001,0.0,22667090.87,-69808.342542,22667090.87
1797,0xf65e7be8343965ca1088c5ee937da8dab527e3ad,,408964.785364,6230045.43,16434582.77,-83666.242179,22664628.2
1798,0x9af4274128bf812209132caa91c01dabbabc1f0b,,204654.998726,2654705.86,20007861.67,32004.780826,22662567.53
1799,0xa93fb5e3894bb9231da2d3d9ff69bfa3ad96df0d,,1103800.056662,6790497.63,15869633.12,269910.906662,22660130.75
1800,0x1e72db5942fd5473e328de7764866e867da011af,,0.0,0.0,22644986.58,-8800.514262,22644986.58
1801,0x198b91b0c40dd00826b84a7467ed1fbf43d39e95,,1070196.602737,5408012.87,17231806.41,48633.475726,22639819.28
1802,0xfa19a100f513d9579ab6c7ab3b103cfa9f9d6093,,23954.225142,5093412.25,17539819.18,-2111.974858,22633231.43
1803,0x57966526aaa4087cfabc9e9a61fccbc9708b99c1,,15280.269054,6473948.0,16153271.76,-37944.03163,22627219.759999998
1804,0xd73f1b8569c05c73caec43e252ab9c4d32a41646,,473498.828766,3480806.01,19138970.58,-21907.77833,22619776.589999996
1805,0x5efb3e6427d68e54b984a4c76534597ec92191d9,,19809.184195,519461.38,22065097.78,-3767.083744,22584559.16
1806,0xc44870bb72748b1c1f29cc5f932644253253a8dc,,81376.765392,0.0,22569061.1,-33702.266754,22569061.1
1807,0x2e32935bfd5b2718f99bc8fdf8b37c16811f7d97,0xsanuxo,1484175.3985189998,6798963.38,15762399.31,-95864.539324,22561362.69
1808,0x67d0e4d1957de64dbec2a815871bc36579615790,,84941.631757,3606298.72,18934201.32,12096.139169,22540500.04
1809,0xa6259c8c54b6d0d0fea625468bcf9b25ffcae7af,,66596.164893,0.0,22539097.220000003,12099.720745,22539097.220000003
1810,0x3e4db2489cdc102db0da07a7ced836874d5fac35,,328095.739103,3743310.88,18775670.62,6290.055512,22518981.5
1811,0x6859da14835424957a1e6b397d8026b1d9ff7e1e,,8887330.606502,4052564.03,18455362.97,629046.729601,22507927.0
1812,0x721546769b86db633fcbd5e3a08a0e6343042e3c,,9069939.458933,5821334.15,16685456.88,494331.71186,22506791.03
1813,0x6187821ed93d0f4ef72aa20a9924a61d726f6833,,0.488536,0.0,22479096.12,-31320.193139,22479096.12
1814,0x9b2b1b9ffd5f7639c1be6d4f85a78a49a6ba9141,,143.015788,803793.27,21671032.78,-21504.323572,22474826.05
1815,0xe8d89110c52df4ca33e75e060e3c72dcbf6c8dda,,1769205.343687,4876197.7,17571102.96,60840.030992,22447300.66
1816,0x3fc56e944aa7b1594c85861b2d46a07f82a2c0c1,,5731944.201921,1822240.25,20621535.44,50164.773699,22443775.69
1817,0x851e2d7330cc8ba3fa8b46ef8936d1823895b624,,197.85847,873327.08,21550163.77,-19724.624061,22423490.849999998
1818,0x337afda118de433f5a8c8ad6d6ef48b76d027a06,,0.018535,0.0,22413312.61,-252782.487642,22413312.61
1819,0xe9db3bfd9fbe817b1ab0f67380e903933b118d79,,156.624838,702638.21,21707752.97,-22573.52,22410391.18
1820,0xc7577a17b71c741af14173e26e465eb978c6c2d5,,243010.878704,10412512.93,11974076.85,18655.765714,22386589.78
1821,0x5478ba5548ad58006cfab51b51efb3c65bc08f42,,79311.448655,2406401.92,19974514.38,26831.704167,22380916.299999997
1822,0x1c6ac2d6b50333859412d9f2f7b937eef5e05fb5,,16554.288658,6480652.89,15861974.88,-22889.22617,22342627.77
1823,0x215d41b79d0aa6a8cf5f25377a88b612746af80a,,413583.503558,4738453.23,17589521.93,72608.947187,22327975.16
1824,0x65d2f8ac1c84b53992256f0f5486a899a43a0383,,0.125359,6381261.28,15879010.81,-22341.57303,22260272.09
1825,0xc4f7ceff3828729ad52b7a8ed5bd3256d43dd142,,120810.465116,11106854.36,11149428.01,13793.27,22256282.369999997
1826,0xd22fdc0f7a32a3ac962ca6a0db9a07a011e4af30,,5722.430429,6992804.59,15212337.73,-31142.489571,22205142.32
1827,0xe79d69fd1ed52dd14d7f55155259519ea20d0534,,2124661.503968,4738730.46,17458701.29,173953.824873,22197431.75
1828,0x40d540b5d875f32b9424ac2a81d87ec22a14fc94,,1457.22575,1242532.51,20944888.57,-21713.38425,22187421.080000002
1829,0x83d65728033855dc74b99e9149a12570c14cc850,,57956.386054,2939615.43,19245176.28,12975.833654,22184791.71
1830,0x83b0a53ada41943b064d0498fadef9b1e30a12be,,146708.996581,518890.2,21660537.59,66900.221787,22179427.79
1831,0x816b024f623cbe8319f809e9e58e48b55e196302,dalmatian102,14459.133162,6959799.31,15199854.7,-14765.743881,22159654.009999998
1832,0x2fad08babf5a3060f7ffcd77968cd3eede64f5e7,,20539.441063,967747.44,21134767.6,-37807.378937,22102515.040000003
1833,0xac299dfeb2e633f80084005a82e460b90f259f44,,50873.66804,5935382.06,16152845.83,-82218.36196,22088227.89
1834,0xf2b9fd84e0176cc8f5e81deacfdda0082b3851bb,,6788.674148,4260892.7,17820918.3,-3131.509715,22081811.0
1835,0x8bd30fc805e672e1d978138ecbedcb48479ce275,,375982.624801,3951041.55,18129972.58,58787.383973,22081014.13
1836,0x0d450cb737f73f2985e9c39976fd00d6b94bf3d7,,7263.06052,1574458.28,20506236.56,-32429.554011,22080694.84
1837,0x55775a485c447a27ae3a8b1afa50a662d5adb070,,365315.169708,3819826.4,18243073.45,50641.395596,22062899.849999998
1838,0x9aca58e24ff5845f245e7c2c897fef1bc59b3555,,475962.799823,1962346.08,20080487.87,-372503.636541,22042833.950000003
1839,0x4a33475623e47320049e883f08b810bd338f9709,,429380.208597,5209556.96,16765524.16,234084.709444,21975081.12
1840,0x6ba51c6b1c5fef215014e5e3ca22f333894a3759,,96887.535909,4391029.34,17576338.1,18829.414762,21967367.44
1841,0x3c446431dd0fa13af97f904c00dc34fb7a198dba,,29790.132097,618170.42,21337522.48,3336.520556,21955692.900000002
1842,0xa0d149c9e3fee0a9f920058c4139c73894c2be98,,63420.165325,586362.67,21346639.6,-11529.880525,21933002.270000003
1843,0x11f1b8d30fd87061d660df7b33bb700c814ed388,,11213.314409,3226473.87,18703943.33,-27978.881391,21930417.2
1844,0x714b10eb065e5cd6789b1eb7777e6604de8ad4eb,,39947.093923,3828027.24,18053777.48,-4665.252398,21881804.72
1845,0xade2c20e99aa3ce0222c67fc0061fb0a88e0a7c0,,140046.755732,5852188.95,16005338.42,3817.06456,21857527.37
1846,0x187b6ab771482ccfee7cd2c35176080631082368,,913680.978328,965886.25,20879130.39,-38764.425541,21845016.64
1847,0xa8ba1af62f5e80d20567d6edd300b0ac149c2aec,,106411.551709,7223656.51,14597453.3,3278.475032,21821109.810000002
1848,0xab7fb756330e3983e676f44c03dabda9120aa273,,545646.655416,4586020.47,17234082.2,136388.773716,21820102.669999998
1849,0x8180902dad7f4c1953770ab40d3b6f03cc56012f,,19387.681768,4156862.51,17661072.55,52175.846622,21817935.060000002
1850,0xb905abfe95cfaac346b3ae9a7d272fdf174893db,,110762.3036,7335238.88,14465642.89,-36078.484169,21800881.77
1851,0xf9d5aa669b007610c14b58073e54f1aa93adea26,,144637.787037,5226537.81,16567138.99,69871.202463,21793676.8
1852,0xbaa91d6651782949d024d3783172fd5c094cd8b6,,499020.687342,3205403.7,18577827.35,109065.745432,21783231.05
1853,0x9f1920d0cbb63ed03376a1e09fd2851d601234c8,,890537.312337,1895597.4,19875670.67,70563.514056,21771268.07
1854,0x777d062defa9a95fb0066b4b3f410d170b110111,,100042.027894,3804446.1,17955611.37,13132.43,21760057.470000003
1855,0x8f38f27b9a71698a9ddf3a7ce342f94128810c91,,112182.853925,10011262.77,11707813.08,17715.426459,21719075.85
1856,0x0d40d13ffbba30026bc71abac703b60144247837,,145824.040264,540003.04,21164579.76,19813.279514,21704582.8
1857,0xd01d1679643f48654e6f532c4326be2d034573e7,,1244961.741149,1122296.76,20563082.49,-73639.37511,21685379.25
1858,0x7f75db96ccc27922b50d6e102938814a67fa9edf,,476323.479704,2629304.57,19055813.84,268359.142417,21685118.41
1859,0x8a9514f02bdac6119d8676880525aaad5f9167dd,,77197.494185,7858459.35,13801613.98,-25685.941585,21660073.33
1860,0xbbfb6566ad064c233af6314aeb1eee4c26a5f921,thank you jeff!,2101718.9768879996,2714393.16,18935951.31,153100.838674,21650344.47
1861,0x794aeddb55612cac44a460775bde4f23d33f0dcb,,214218.903675,226875.24,21415345.72,-16319.829997,21642220.959999997
1862,0x37940857900e325cd20bb5165451678126d568f4,,17459.302027,3699120.46,17937143.24,-32540.497973,21636263.7
1863,0x1d330927357cc0ec84e895d077d84b01f2ca5f8c,,18093.319629,10254044.86,11370628.06,-14267.564973,21624672.92
1864,0x3637a2281143df6d0ad8cf2bbcfd6a48a0bdf497,,262498.623877,4531674.41,17088640.74,-17841.887236,21620315.15
1865,0xf6fd2a445204393ea0fb7697ff1bf5a378c49378,,500231.561441,5674743.08,15940123.08,35912.049783,21614866.16
1866,0x25d7472c234111bebb50b8a987b6316629fc6bf6,,3155085.363025,0.0,21584825.01,-86556.16,21584825.01
1867,0xc3cb5641b8571d56a143d3e00f69dc1066e3df64,,111193.256861,1689027.06,19879141.21,30538.218891,21568168.27
1868,0x18cc9292851cbb553b9154ad361600f126c6bcd3,,11915.467919,6425885.18,15106609.7,5154.739954,21532494.88
1869,0xb4caaff781251594911cc76aec61cef46ba00894,,2836544.244532999,5045206.69,16473057.47,-256643.337361,21518264.16
1870,0x337189f12dccb10013de352f56ba34dc91b580d3,,226448.660119,3371162.21,18147011.98,-9976.916467,21518174.19
1871,0x41f73175af81ca294977e85bd1c8e9d143ffa6d2,,4528.697912,8509969.19,12984173.3,-6431.042272,21494142.490000002
1872,0x67d4efe87d546d1351952263aed60921cffc8eee,,432216.474536,3110137.63,18380706.16,19903.26952,21490843.79
1873,0xdabb1b4497f0d951c8b3357b85f0cbcb9ed1aaab,,1e-06,324619.97,21155004.59,-20237.794814,21479624.56
1874,0x45271ffd43f0446d92558f382942ed48baf2e121,,10272.373906,4718891.89,16738588.44,2253.282406,21457480.33
1875,0x7f55a0b28ba031dc08c1fdf7336a74e399b840d1,,170771.673399,3835228.62,17609445.38,33312.57094,21444674.0
1876,0x60f7afd3ec9827cfe5ed285b57d2dbf9c1163772,,1229.315085,3897938.28,17530795.79,-7202.624298,21428734.07
1877,0xd5ed00f7ea62b42d8c56895348e17e557986fdd9,,17565.756097,4218760.55,17191733.05,-52995.033083,21410493.6
1878,0xec743ee5e1105dcea809f8dfe4817315f1431fa4,,67130.325634,2754055.1,18643695.98,-12010.815139,21397751.080000002
1879,0xf79b75d50c126ac82758ab7a2a6adbcf7b6670fc,,4446.85396,4263639.21,17124883.89,1443.244335,21388523.1
1880,0x1c5cec20a8b7ce9bda41b680e31f3c91deb459b0,,37402.863394,7148164.14,14222706.96,799.523948,21370871.1
1881,0xeda73c9fa6a90cea2bcc5529e9e12c012e13655b,,323655.552032,4257064.95,17099022.11,-3877.724085,21356087.06
1882,0x5d2f4460ac3514ada79f5d9838916e508ab39bb7,,5406143.131004,1669785.8,19680787.55,869525.158199,21350573.35
1883,0x54044220ea06768ea07cae9af62a2d473b2122f5,,4110.913327,6759324.29,14549375.16,-8432.063983,21308699.45
1884,0xc08ccfde966aebe1a1d167c9246d0477bbb4aa82,,6870.848718,5044877.69,16223391.45,-315.46301,21268269.14
1885,0x7040ce8df911782e9a147e2ec2b7fb569b8ed775,,23012.686414,5261829.88,16005321.03,239.813484,21267150.91
1886,0x9dcb4e22cfffe401891895c45f595ebdcb07469f,,76115.054099,0.0,21250641.790000003,-78258.4215,21250641.790000003
1887,0xf2ab5db29b3544ada8fa49b1f483188fb3d03a02,,53412.389967,4057172.27,17191569.88,-20432.349339,21248742.15
1888,0x4de47253d62606f46265ad7ae577562270370bb1,,905.450638,8136547.2,13093547.7,-34067.569362,21230094.9
1889,0xcd2123d3f00325fa83b2743ed85844f8d4bb9826,,835295.688819,1049938.99,20180105.45,88.928528,21230044.439999998
1890,0x065da657bfff70cc76fe9a38f81fbb5536c6d8a0,,2768229.309853,2946106.66,18262347.66,-107248.881464,21208454.32
1891,0x79743dfeb5cf36203b820d897b5202a32f40f15d,,42555.51116,3309048.62,17893752.96,1238.195245,21202801.580000002
1892,0x756b1e23f0279dfcab7cd2485f889d84306bb671,,13276.198754,5516370.84,15667160.57,11871.829306,21183531.41
1893,0xe24066107fc3badb1312eacf21a8106c4bfae8c2,,0.007706,0.0,21183410.87,-19120.88,21183410.87
1894,0x92924420b2d67883c0a5f917148ed1c203f03bc2,,488157.387498,3283129.78,17872837.78,15459.385243,21155967.560000002
1895,0x98e073b579fd483eac8f10d5bd0b32c8c3bbd7e0,,3174460.9956790004,1358568.64,19794050.5,511389.667231,21152619.14
1896,0xb4c64fa49f20131586cd63dc8d31e1ac172a8839,,0.0034,0.0,21139619.7,-18912.25296,21139619.7
1897,0x3996e1f2e8825ef10d89bdbd5dc8c7098ac4b5d7,,0.01405,0.0,21117471.25,-20601.05,21117471.25
1898,0xc5b4c663841ee05da68e19cce3e18ff2ac4f803a,,378180.931476,10088851.8,11026611.41,4606.651476,21115463.21
1899,0x2f241f7a81533f80101f6b8f055b00dd901b8059,,61.703672,39773.66,21072039.04,-9444.183324,21111812.7
1900,0x3d8fe1bdad418b26381d832de158c4d6a52c71f8,,28823.552577,3884252.0,17206982.66,7374.445239,21091234.66
1901,0x4a5a093d9f08b8436ced92c0e9bbaa80b78f5688,,2.8e-05,0.0,21086734.52,-93006.199973,21086734.52
1902,0x2922b3dec7d51669033801153d57dbaaab35f226,,9334.743592,2820944.71,18263699.74,4180.97831,21084644.45
1903,0x15b325660a1c4a9582a7d834c31119c0cb9e3a42,,12836305.330703,0.0,21082044.71,1971550.983494,21082044.71
1904,0x6fc0af3756c7300943019e7349bcfcb80e76966c,,983915.13206,3467742.63,17606556.59,-93006.453166,21074299.22
1905,0x811e1c836112c531f9a0135a7301f8012769901e,,4821.094172,2166298.51,18907093.44,-948.968658,21073391.950000003
1906,0xf7a82af80ae061b29b756b3ae6c182ead61cfba8,,150248.227789,2314102.76,18755447.02,-60648.288665,21069549.78
1907,0x4b9b60ccb8c40581890f2224dafd7f826967f47a,,69098.493805,6185370.02,14859676.45,2555.11,21045046.47
1908,0xd307f9b172070c0aa422487cb8dec9d3f8225116,,1e-06,1158869.14,19885126.19,-202995.733918,21043995.330000002
1909,0x683c8dd45b3aad737ce1bb05b529ec754748d642,,11.902191,0.0,21039070.95,-244782.84,21039070.95
1910,0x81a39aa0b0d6fa8513aa79929e7c01dfaa232fce,,1.841257,0.0,21038269.72,15920.54,21038269.72
1911,0xb3a39b435469d7131137c262cf970defa74974d0,,7184.06517,6607652.85,14420025.7,-18465.573467,21027678.549999997
1912,0x3d78aac4d84bc23aeefd338a16cb9df8d8b40606,Gonna Make it Rain,113958.836281,3581601.17,17434621.58,7190.574217,21016222.75
1913,0x30d7276690f91f2b07f99d24ec0c6553839f2390,,7655.366219,95151.57,20907211.17,-41041.728814,21002362.740000002
1914,0xa41f6abca0cb06a105f12a682e1995efa0c1d50a,,191390.482395,1055543.58,19914897.18,-64659.597989,20970440.759999998
1915,0xc1afef30e346b3c278f3ec9853fd595a127a9f4d,,835715.664728,4526638.06,16436804.37,73561.35929,20963442.43
1916,0x6bcaca94ebcf35f269265a99d1c078a3c6f3fd8c,girth,17907.511998,1524387.43,19424084.67,16292.589929,20948472.1
1917,0x487d17e2c0b37d99525c22ebd1257df717ff24f1,,14562.050526,7254089.64,13678968.48,2736.063448,20933058.12
1918,0x844d1bb6ac8b36a6f3a9553674ec2eb1fe62c188,,6992.260929,609227.7,20297436.96,-1898.297824,20906664.66
1919,0x06312541fd5f60cb6e292a746523a69669a25ba9,,81255.606921,3075131.73,17815544.63,-213338.823079,20890676.36
1920,0xd80adf681abe30a3d644db1daae9abaa2d25a895,,256182.257587,3373709.52,17506051.15,6565.26007,20879760.669999998
1921,0x9ff3f7137993bbf2af725b46a2d83cb90e7d375a,,80965.991821,10075390.44,10802952.68,-25507.368179,20878343.119999997
1922,0x17548c35d99b665d3a4e793622a41c57f5ae2429,,447749.890842,3078403.98,17799239.17,-155411.057189,20877643.150000002
1923,0xbac48231e71d5e24735d3cb6a26e597b13062979,,1299843.567462,1016537.49,19860567.38,-13561.530388,20877104.869999997
1924,0xbe69e095e738eb7260ad795c554aba288e1f2adc,,22407.435842,5806743.49,15032134.05,-71179.791559,20838877.54
1925,0x3d90266d4be0e79b41b68610f383f33729e9ccb0,,922.153291,624577.58,20212043.44,-4888.973874,20836621.02
1926,0x34c4059e4008a0b4bd1a15e2c83530d767b24bdd,,58739.711009,8197521.88,12630713.92,25486.131009,20828235.8
1927,0xaeae3319f670f1f7aa18b42f9d5f3452f4ee69e6,,12558109.291607998,1102592.5899999999,19721468.56,572886.149684,20824061.15
1928,0x084e7f5f7f6e08eac3194739f99503f09352b84c,,47.671093,0.0,20814668.34,-176010.37,20814668.34
1929,0x1a94785cc11b1b4225374a8e0015f788b222a538,,667237.555577,3967415.0,16843426.96,248103.173906,20810841.96
1930,0x4d76a83bf99949f9433a8352c35856d15789a5b3,,8132.77429,1694418.08,19090575.02,-4634.825576,20784993.1
1931,0x61ed849fd49406723de9a20ce75b5f1d95c961df,,47868.17268,5556951.57,15218093.69,14612.996598,20775045.259999998
1932,0x34705cb69ac83cd65d4710259151665ab0ce6fa6,,425654.235247,3990986.31,16772228.79,-57795.513798,20763215.099999998
1933,0xd7b1215a86b88077abe3da909bc61c73e93b073a,,0.142854,0.0,20737382.74,35902.42883,20737382.74
1934,0x3b0884185452d1e190f078dd2f91cb89cdb6458d,,136591.265085,2186341.72,18540640.02,56051.17132,20726981.74
1935,0xa43ca96c32fa3f2c93012b564c39b9e56533386d,,457002.48472,85397.93,20608924.59,-238950.872499,20694322.52
1936,0x45ab58a2034f03aa446baf3bb1d236706f866cbc,,6080247.475055,940611.31,19709396.16,-208892.711211,20650007.47
1937,0xf19c933aee749ea5286892100ddf2b7876b1f99e,,130689.345746,3766538.34,16882788.31,76896.21,20649326.65
1938,0xc5a1844c09eff6935f6e914df70e21ef425b8fac,,329829.402788,313084.74,20332921.03,72192.304829,20646005.77
1939,0xd1c77a04b87393e98a1220532e72e8f7d0a31c5a,,182913.849538,208397.4,20409493.06,-218272.760462,20617890.459999997
1940,0xac142fee46f8dacbfef23e1e41d79f1f7233487e,,533985.999746,3816656.87,16782259.78,65015.929861,20598916.650000002
1941,0x352a2ea22bfa120f6929aa1237c65cce97f338e3,,21091.764412,3891357.09,16706872.42,-4336.104667,20598229.509999998
1942,0x91867345424fb158888ff9c5f1b1b2e7cd7d65d5,,494074.211382,9236422.89,11360341.75,101446.038044,20596764.64
1943,0xeb0aca00a69a54004bafe0d3d96cd71772697d19,,109149.094939,664966.85,19931337.29,-145682.992967,20596304.14
1944,0xafc39fd78584ee7ff8101f9d4f41ede5ca2b36ea,,141925.986035,2379696.94,18212778.259999998,6637.209639,20592475.2
1945,0x4a96036fb1529561fa3eeeb2781fad2d4f25500e,,6801209.78024,238379.56,20351362.95,-375216.525495,20589742.509999998
1946,0xf780adb6ca4a737d2a8def6dd445b0c0276d70e1,,1811407.52185,1302031.99,19286315.77,417221.517612,20588347.759999998
1947,0x6b9ef7a334e61551209ddc3a78e5bb774a09085e,,224959.086298,1357692.08,19226720.3,-526183.318004,20584412.380000003
1948,0x0b66a929e981fd912604f847434ed2e68224a762,,83966.631023,7095190.66,13441000.36,32747.281023,20536191.02
1949,0xe8c0a6a2e58f7c7a7cc1b4671e0049d975454e69,,155338.255605,3112026.34,17415945.72,-100254.575225,20527972.06
1950,0x3924d6cf82508d38566a8de2dc17039239839044,,0.001171,7299949.59,13223304.47,-66144.078829,20523254.060000002
1951,0x708f713637e28c014705fec1bab002992f53d4ea,,4395743.906576,5597985.9,14909782.1,647574.783036,20507768.0
1952,0x0faef09b4deaedb0b99d68131f76acbef7cb4c8c,,113639.96063,4659860.68,15825261.09,-23261.146744,20485121.77
1953,0xc4fd270b797c3d199521f5c36a94332373fc78d0,,16893.878637,4207613.57,16269081.36,13208.503626,20476694.93
1954,0x62dfc4f5b7f84ba2d29a793a9f481a02906208ec,,1476.35282,7165140.28,13280419.7,-3551.18341,20445559.98
1955,0x93c006f2051cb72168cf8c27cafe0fb2d71682c8,,0.0,2434152.36,17953928.35,-699043.71,20388080.71
1956,0x68c7094ba0b265bd3e72c3d1514764931b390a5b,,3517.829568,976552.52,19410757.92,1194.710912,20387310.44
1957,0x87b100e26d400d17e33fa18fbe8cd634678bd33d,,136752.82766,3472440.64,16911317.4,34494.46908,20383758.04
1958,0xf5a06e70a4123eec71dc5c0c90f8ecc6a92d23c9,,109052.5402,5525228.3,14830571.26,-26469.537012,20355799.56
1959,0x42f1b36fb856769e075dfbf25938464fb3c92c70,,22731.319619,590135.67,19747362.4,-46835.640381,20337498.07
1960,0xf709deb9ca069e53a31a408fde397a87d025a352,MAnu,170021.850508,1529919.21,18806775.35,-732.510016,20336694.560000002
1961,0x6fadc31ce2fd163b1aeecbd43ef1293e5150430d,,2527937.773182,6122839.71,14213482.88,8200.912034,20336322.59
1962,0x1ae55c40c91f1553286b125239f84300d2df4dbe,,429793.8235,3433218.76,16902890.72,2597.138782,20336109.479999997
1963,0xdcb0b5e41d6ed4dd834316d4177d73452014f983,,2685317.824543,8581815.87,11749623.64,1490.058814,20331439.509999998
1964,0x985f02b19dbc062e565c981aac5614baf2cf501f,,2770295.893578,2735073.46,17577184.13,699917.30188,20312257.59
1965,0x3d68fbf184ee117c98a2cb5fb554cbd695df8fd5,,46045.422421,191357.63,20117762.26,-1215.88933,20309119.89
1966,0x2c82a5c0a4543eb704f56ef771197304cfc8111b,,474.30173,3532632.65,16775343.81,-28762.225645,20307976.46
1967,0x1ed93ea2bea0e75677fcc54cd02070717ddc5849,,0.000694,5309897.08,14987488.52,11950.810693,20297385.6
1968,0xc1859db491742aa0cf0cc72275da5d7e86f5cd4e,,1e-06,0.0,20294870.01,-22660.50218,20294870.01
1969,0x82c98dc8f4c451be2385e053a06e129a18b594ef,,10814.125466,4627862.77,15638220.950000001,3023.084011,20266083.72
1970,0x441c8cbe1aa06beea4c84cfff5e12753f37822fb,,851645.905811,4017582.88,16244006.69,457.918657,20261589.57
1971,0xa19685062f439f6882cf149cd76e33a2d9be0df6,,138899.45937,3153600.02,17104471.36,31007.490935,20258071.38
1972,0x7175c70fda4074949ec4c940168e8ba6b9c5bc19,,0.017297,0.0,20237643.25,-4573.757051,20237643.25
1973,0xf556b2e1fa289ecfec77c61ba29b9585edd65b99,,4268.909462,3952360.69,16262543.44,2786.634687,20214904.13
1974,0x49a5bab09d93b89d811ebcad5d7f43d7c38a46af,,17008.206787,4234154.04,15962430.45,-3546.743213,20196584.49
1975,0x0001094b9d760df1407279e84c2308a92c85a710,,128516.582753,5481767.45,14700044.05,2289.293914,20181811.5
1976,0x1a37c22afa60046b22e83594e4e024b8e52e0041,,9711.839219,91359.08,20085832.65,4787.831384,20177191.729999997
1977,0xbeb181e43178371dfd263a8d4cdf7d864b47ea55,,60331.718529,1954198.24,18215051.19,-243.831471,20169249.43
1978,0x2561b7f27202b4df169eec6b114edbbdb2327000,,11407.553341,6578608.9399999995,13580520.27,1624.964671,20159129.21
1979,0x54fc13e72548503e13eea8b4cfdb4524be39d7d2,,552344.585353,3618818.13,16531471.5,88058.260347,20150289.63
1980,0x1af68b9a13200553d4c48e0c8da9c376ecccc454,,164986.510892,25094.43,20112555.42,18432.878114,20137649.85
1981,0x184a99721ebca9e02cd13d2e03f955257140c92a,,176339.577939,5652378.11,14484225.9,14336.103496,20136604.01
1982,0x38ebc1114b59980a87cb2fbc2cbc43d51e985ef9,,107676.593831,3288411.33,16846028.61,9367.046979,20134439.939999998
1983,0xba4fe2382933f0c829d08ac09a5cbdddcd74dd17,,21816.681565,7115077.88,13014590.14,-11024.228435,20129668.02
1984,0xe7f3ec7725bf9a5e377caddc8874bb360308200b,,1461219.943196,5064309.6,15044434.32,58283.092747,20108743.92
1985,0x2b754de9330dc7f6a00ffda6204a5609ad164cdc,,165852.766555,613789.65,19472352.3,-201846.267238,20086141.95
1986,0xcb02837caaee310c178501855b63bf7f4f4b1f8b,,1759714.590772,1626508.45,18442636.53,45234.382917,20069144.98
1987,0xb093cf12046853098a679169c6d025dec2f711fc,,23351.306831,1469023.7,18591693.35,1745.435691,20060717.05
1988,0x2c387c71a6166400711fac2be7e37c8eb64148dd,,1254182.713171,4992209.53,15066863.19,99015.546407,20059072.72
1989,0x296d65ceb2ff4bc189bd02e0709a37cebd69a5da,,40834.803159,3590042.46,16468352.69,8875.573162,20058395.15
1990,0x136ea1a4965fbe2587cfdb26d08c7afdee0da608,,4427.930219,5231421.37,14809321.69,24567.082746,20040743.06
1991,0xc9d46b11f3b1bbc85ebedfffca09707f8f28dca1,,46859.944991,1376752.12,18646361.94,-150258.342319,20023114.060000002
1992,0xc63ccb98a73cc0a048d0e5a4e8f4d2cbc6d7ed93,,37162.792349,8988234.82,11002157.22,-14047.117651,19990392.04
1993,0x34ffa20a0893afb2c186864df704a8f5b0add738,,408365.973372,2881435.36,17091734.53,17138.201959,19973169.89
1994,0xa91f79a5c95a8ea20bbad49ebdfffec8c51d0cf2,,22578.668081,3110166.6599999997,16836860.17,-4954.796924,19947026.830000002
1995,0xed33c96ae3b0b06382e3fd3354fc9e40e7a9e56c,,18821.216059,3596329.36,16346451.5,-4261.068209,19942780.86
1996,0x4603444ec777fc3e783d157bc871f6bc04baf161,,376700.1475659999,3227611.6599999997,16699031.419999998,6819.577686,19926643.08
1997,0xceee0b7c44ae35ead2cdb0d6bd7411833803aa56,,100.289126,5993098.29,13929096.17,-131689.380992,19922194.46
1998,0x11fcd60092b0b318f72863c27e295f24bf719069,,9129.349051,0.0,19920475.43,-14085.65,19920475.43
1999,0x6d18eeb8b89c88db2811e1d3827e49a539205bd0,,171251.661305,4342902.23,15564940.51,4304.462087,19907842.740000002
2000,0x7e8127e20a79bb0b099cc048db309e29e61e628c,,80026.921732,1425342.75,18454649.66,-3232.596291,19879992.41
